timestep,r_perf,r_cost,r_energy,latency,replicas,avg_cpu_percent,ram_usage,num_requests,total_cpu_m,total_ram_mi,success_ratio,pod_power,hpa_target
1,1.0,-0.8,-0.08855713,0.0196,16.0,450.375,0.0,37.0,3603.0,385.0,1.0,8.855713,10.0
2,1.0,-1.35,-0.13806246,0.0027,27.0,30.75926,0.0,4.0,1661.0,2378.0,1.0,13.806247,30.0
3,1.0,-2.55,-0.26551026,0.0142,51.0,91.59259,0.0,39.0,4946.0,2414.0,1.0,26.551025,30.0
4,1.0,-2.55,-0.26657045,0.018,51.0,58.326088,0.0,128.0,5366.0,4238.0,1.0,26.657043,70.0
5,1.0,-2.55,-0.26679718,0.0179,51.0,58.619564,0.0,61.0,5393.0,4258.0,1.0,26.679718,10.0
6,1.0,-2.55,-0.27197373,0.0063,51.0,31.913044,0.0,16.0,2936.0,4426.0,1.0,27.197374,50.0
7,1.0,-2.55,-0.266775,0.0047,51.0,27.304348,0.0,12.0,2512.0,4427.0,1.0,26.6775,70.0
8,1.0,-2.55,-0.27528602,0.0079,51.0,51.130436,0.0,21.0,4704.0,4426.0,1.0,27.5286,50.0
9,1.0,-2.55,-0.27521607,0.0083,51.0,51.326088,0.0,22.0,4722.0,4427.0,1.0,27.521606,50.0
10,1.0,-2.55,-0.41217327,0.0182,51.0,55.054348,0.0,118.0,5065.0,4427.0,1.0,41.217327,90.0
11,1.0,-2.55,-0.31116876,0.0184,51.0,56.79348,0.0,59.0,5225.0,4426.0,1.0,31.116875,90.0
12,1.0,-2.55,-0.27192098,0.0181,51.0,57.141304,0.0,56.0,5257.0,4428.0,1.0,27.192097,10.0
13,1.0,-2.55,-0.27639803,0.018,51.0,56.815216,0.0,104.0,5227.0,4426.0,1.0,27.639803,10.0
14,1.0,-2.55,-0.27028406,0.0061,51.0,50.630436,0.0,16.0,4658.0,4427.0,1.0,27.028406,50.0
15,1.0,-2.55,-0.27411875,0.0044,51.0,43.75,0.0,11.0,4025.0,4428.0,1.0,27.411875,10.0
16,1.0,-2.55,-0.2733505,0.0182,51.0,59.652172,0.0,75.0,5488.0,4426.0,1.0,27.33505,70.0
17,1.0,-2.55,-0.276609,0.018,51.0,59.652172,0.0,118.0,5488.0,4427.0,1.0,27.6609,50.0
18,1.0,-2.55,-0.3110925,0.0179,51.0,60.217392,0.0,116.0,5540.0,4427.0,1.0,31.10925,70.0
19,1.0,-2.55,-0.282477,0.0077,51.0,55.565216,0.0,20.0,5112.0,4428.0,1.0,28.2477,90.0
20,1.0,-2.55,-0.285444,0.0181,51.0,55.152172,0.0,110.0,5074.0,4427.0,1.0,28.5444,10.0
21,1.0,-2.55,-0.27773625,0.0182,51.0,56.086956,0.0,123.0,5160.0,4428.0,1.0,27.773624,50.0
22,1.0,-2.55,-0.28713638,0.0097,51.0,54.79348,0.0,26.0,5041.0,4427.0,1.0,28.713638,70.0
23,1.0,-2.55,-0.37136906,0.0181,51.0,58.239132,0.0,115.0,5358.0,4428.0,1.0,37.136906,50.0
24,1.0,-2.55,-0.28748354,0.0059,51.0,36.097828,0.0,15.0,3321.0,4428.0,1.0,28.748354,50.0
25,1.0,-2.55,-0.5820851,0.0178,51.0,58.673912,0.0,60.0,5398.0,4428.0,1.0,58.208508,70.0
26,1.0,-2.55,-0.27496064,0.0051,51.0,31.847826,0.0,13.0,2930.0,4428.0,1.0,27.496063,90.0
27,1.0,-2.55,-0.30923688,0.0029,51.0,24.5,0.0,5.0,2254.0,4429.0,1.0,30.923687,90.0
28,1.0,-2.55,-0.27925703,0.003,51.0,27.663044,0.0,5.0,2545.0,4428.0,1.0,27.925703,90.0
29,1.0,-2.55,-0.26619115,0.0027,51.0,24.793478,0.0,4.0,2281.0,4429.0,1.0,26.619116,90.0
30,1.0,-2.55,-0.26718253,0.0025,51.0,21.293478,0.0,3.0,1959.0,4428.0,1.0,26.718252,70.0
31,1.0,-1.95,-0.24253672,0.0073,39.0,54.935898,0.0,19.0,4285.0,3754.0,1.0,24.253672,30.0
32,1.0,-2.3,-0.23476817,0.0024,46.0,17.097826,0.0,2.0,1573.0,4355.0,1.0,23.476816,10.0
33,1.0,-2.3,-0.23333734,0.0029,46.0,17.858696,0.0,5.0,1643.0,4355.0,1.0,23.333735,70.0
34,1.0,-2.3,-0.23296624,0.0025,46.0,14.73913,0.0,3.0,1356.0,4355.0,1.0,23.296625,70.0
35,1.0,-2.3,-0.23313038,0.0027,46.0,13.782609,0.0,4.0,1268.0,4356.0,1.0,23.313038,90.0
36,1.0,-2.3,-0.23648618,0.0042,46.0,28.923914,0.0,10.0,2661.0,4355.0,1.0,23.648619,90.0
37,1.0,-1.4,-0.14498518,0.0034,28.0,34.32143,0.0,7.0,1922.0,2690.0,1.0,14.498519,50.0
38,1.0,-1.4,-0.14635938,0.0023,28.0,29.071428,0.0,2.0,1628.0,2692.0,1.0,14.635938,10.0
39,1.0,-2.3,-0.29381403,0.0074,46.0,87.44643,0.0,20.0,4897.0,2693.0,1.0,29.381403,30.0
40,1.0,-2.3,-0.4082748,0.0173,46.0,91.44643,0.0,64.0,5121.0,2692.0,1.0,40.82748,90.0
41,1.0,-2.55,-0.283242,0.0071,51.0,69.22059,0.0,18.0,4707.0,3209.0,1.0,28.3242,70.0
42,1.0,-2.55,-0.28388646,0.0178,51.0,75.10294,0.0,99.0,5107.0,3237.0,1.0,28.388647,30.0
43,1.0,-2.55,-0.28372476,0.018,51.0,75.94118,0.0,127.0,5164.0,3268.0,1.0,28.372475,10.0
44,1.0,-2.55,-0.34381238,0.0179,51.0,74.10294,0.0,139.0,5039.0,3270.0,1.0,34.381237,50.0
45,1.0,-2.55,-0.27410665,0.0182,51.0,72.185715,0.0,130.0,5053.0,3356.0,1.0,27.410666,70.0
46,1.0,-2.55,-0.28969127,0.0181,51.0,72.08572,0.0,133.0,5046.0,3354.0,1.0,28.969126,30.0
47,1.0,-2.55,-0.2847005,0.0179,51.0,71.08572,0.0,123.0,4976.0,3363.0,1.0,28.47005,10.0
48,1.0,-2.55,-0.33396938,0.0178,51.0,71.48572,0.0,127.0,5004.0,3364.0,1.0,33.39694,70.0
49,1.0,-2.55,-0.2722528,0.0179,51.0,73.02778,0.0,132.0,5258.0,3452.0,1.0,27.22528,90.0
50,1.0,-2.55,-0.29841602,0.0177,51.0,72.0,0.0,130.0,5184.0,3457.0,1.0,29.8416,90.0
51,1.0,-2.55,-0.26946223,0.0177,51.0,71.067566,0.0,146.0,5259.0,3549.0,1.0,26.946224,90.0
52,1.0,-2.55,-0.26668683,0.0176,51.0,69.22973,0.0,141.0,5123.0,3550.0,1.0,26.668684,30.0
53,1.0,-2.55,-0.279955,0.0178,51.0,69.62162,0.0,131.0,5152.0,3559.0,1.0,27.9955,90.0
54,1.0,-2.55,-0.28289983,0.0176,51.0,69.33784,0.0,131.0,5131.0,3560.0,1.0,28.289982,30.0
55,1.0,-2.55,-0.27911183,0.0182,51.0,68.14865,0.0,132.0,5043.0,3559.0,1.0,27.911184,70.0
56,1.0,-2.55,-0.37451017,0.0179,51.0,68.0921,0.0,147.0,5175.0,3647.0,1.0,37.451015,90.0
57,1.0,-2.55,-0.2693581,0.0176,51.0,66.43421,0.0,166.0,5049.0,3646.0,1.0,26.93581,70.0
58,1.0,-2.55,-0.26561013,0.0179,51.0,65.697365,0.0,141.0,4993.0,3657.0,1.0,26.561012,50.0
59,1.0,-2.55,-0.28153062,0.0182,51.0,65.710526,0.0,159.0,4994.0,3656.0,1.0,28.153063,70.0
60,1.0,-2.55,-0.28316814,0.0182,51.0,65.52631,0.0,160.0,4980.0,3656.0,1.0,28.316813,10.0
61,1.0,-2.55,-0.27896687,0.018,51.0,65.10526,0.0,164.0,4948.0,3655.0,1.0,27.896687,30.0
62,1.0,-2.55,-0.47281465,0.0179,51.0,64.22369,0.0,138.0,4881.0,3655.0,1.0,47.281464,50.0
63,1.0,-2.55,-0.26828,0.0177,51.0,65.64103,0.0,150.0,5120.0,3741.0,1.0,26.828,10.0
64,1.0,-2.55,-0.26890674,0.0177,51.0,64.833336,0.0,138.0,5057.0,3752.0,1.0,26.890675,10.0
65,1.0,-2.55,-0.26972887,0.018,51.0,64.97436,0.0,145.0,5068.0,3751.0,1.0,26.972887,90.0
66,1.0,-2.55,-0.26737761,0.0179,51.0,65.10256,0.0,131.0,5078.0,3753.0,1.0,26.737762,30.0
67,1.0,-2.55,-0.29852438,0.0177,51.0,64.23077,0.0,128.0,5010.0,3752.0,1.0,29.852438,90.0
68,1.0,-2.55,-0.28853112,0.0178,51.0,64.28205,0.0,149.0,5014.0,3751.0,1.0,28.853113,10.0
69,1.0,-2.55,-0.28585708,0.0179,51.0,63.935898,0.0,128.0,4987.0,3754.0,1.0,28.585707,30.0
70,1.0,-2.55,-0.42848235,0.0179,51.0,63.320515,0.0,130.0,4939.0,3752.0,1.0,42.848236,90.0
71,1.0,-2.55,-0.2671191,0.0177,51.0,61.3625,0.0,126.0,4909.0,3838.0,1.0,26.71191,70.0
72,1.0,-2.55,-0.26688525,0.0176,51.0,60.95,0.0,123.0,4876.0,3839.0,1.0,26.688524,70.0
73,1.0,-2.55,-0.2739453,0.0176,51.0,60.625,0.0,123.0,4850.0,3848.0,1.0,27.394531,30.0
74,1.0,-2.55,-0.26800233,0.0175,51.0,61.1875,0.0,125.0,4895.0,3848.0,1.0,26.800234,10.0
75,1.0,-2.55,-0.26661977,0.0177,51.0,60.3625,0.0,133.0,4829.0,3848.0,1.0,26.661978,10.0
76,1.0,-2.55,-0.31444886,0.0174,51.0,61.2875,0.0,135.0,4903.0,3848.0,1.0,31.444887,30.0
77,1.0,-2.55,-0.26829824,0.0178,51.0,61.780487,0.0,136.0,5066.0,3935.0,1.0,26.829824,70.0
78,1.0,-2.55,-0.26642677,0.0176,51.0,61.085365,0.0,131.0,5009.0,3935.0,1.0,26.642677,50.0
79,1.0,-2.55,-0.270087,0.0176,51.0,61.32927,0.0,140.0,5029.0,3945.0,1.0,27.0087,90.0
80,1.0,-2.55,-0.266151,0.0178,51.0,60.439026,0.0,123.0,4956.0,3944.0,1.0,26.6151,10.0
81,1.0,-2.55,-0.26645383,0.0176,51.0,60.40244,0.0,83.0,4953.0,3945.0,1.0,26.645382,30.0
82,1.0,-2.55,-0.29086015,0.0176,51.0,60.060974,0.0,59.0,4925.0,3944.0,1.0,29.086016,70.0
83,1.0,-2.55,-0.28006124,0.0177,51.0,60.0,0.0,135.0,4920.0,3945.0,1.0,28.006124,30.0
84,1.0,-2.55,-0.2907425,0.018,51.0,60.121952,0.0,128.0,4930.0,3944.0,1.0,29.07425,30.0
85,1.0,-2.55,-0.28048876,0.0182,51.0,59.207317,0.0,128.0,4855.0,3944.0,1.0,28.048876,70.0
86,1.0,-2.55,-0.27652064,0.018,51.0,58.559525,0.0,140.0,4919.0,4033.0,1.0,27.652063,90.0
87,1.0,-2.55,-0.26779518,0.0177,51.0,56.67857,0.0,125.0,4761.0,4033.0,1.0,26.779518,10.0
88,1.0,-2.55,-0.27603376,0.0179,51.0,56.42857,0.0,133.0,4740.0,4041.0,1.0,27.603374,90.0
89,1.0,-2.55,-0.26764905,0.018,51.0,56.690475,0.0,128.0,4762.0,4041.0,1.0,26.764906,10.0
90,1.0,-2.55,-0.2760648,0.0181,51.0,56.511906,0.0,138.0,4747.0,4042.0,1.0,27.606482,10.0
91,1.0,-2.55,-0.29897562,0.018,51.0,58.988094,0.0,155.0,4955.0,4041.0,1.0,29.897562,70.0
92,1.0,-2.55,-0.4270236,0.0179,51.0,58.77381,0.0,207.0,4937.0,4041.0,1.0,42.70236,90.0
93,1.0,-2.55,-0.26872107,0.0179,51.0,56.104652,0.0,255.0,4825.0,4128.0,1.0,26.872108,10.0
94,1.0,-2.55,-0.26720822,0.018,51.0,56.081394,0.0,262.0,4823.0,4127.0,1.0,26.720821,90.0
95,1.0,-2.55,-0.26820767,0.0182,51.0,56.488373,0.0,207.0,4858.0,4138.0,1.0,26.820768,90.0
96,1.0,-2.55,-0.26917344,0.018,51.0,56.104652,0.0,142.0,4825.0,4137.0,1.0,26.917343,10.0
97,1.0,-2.55,-0.2675501,0.0181,51.0,55.59302,0.0,65.0,4781.0,4138.0,1.0,26.755013,10.0
98,1.0,-2.55,-0.2985755,0.0078,51.0,51.802326,0.0,20.0,4455.0,4137.0,1.0,29.857548,30.0
99,1.0,-2.55,-0.5036137,0.0081,51.0,52.44186,0.0,21.0,4510.0,4137.0,1.0,50.361374,90.0
100,1.0,-2.55,-0.27522016,0.0177,51.0,52.897728,0.0,65.0,4655.0,4224.0,1.0,27.522017,50.0
101,1.0,-2.55,-0.27544296,0.0176,51.0,54.261364,0.0,54.0,4775.0,4228.0,1.0,27.544296,30.0
102,1.0,-2.55,-0.26659274,0.0177,51.0,54.045456,0.0,103.0,4756.0,4233.0,1.0,26.659275,50.0
103,1.0,-2.55,-0.26733226,0.0177,51.0,55.363636,0.0,114.0,4872.0,4234.0,1.0,26.733225,10.0
104,1.0,-2.55,-0.3046539,0.0179,51.0,55.55682,0.0,118.0,4889.0,4233.0,1.0,30.465391,70.0
105,1.0,-2.55,-0.42622238,0.0179,51.0,55.295456,0.0,109.0,4866.0,4234.0,1.0,42.62224,30.0
106,1.0,-2.55,-0.2617485,0.0062,51.0,36.355556,0.0,16.0,3272.0,4319.0,1.0,26.17485,70.0
107,1.0,-2.55,-0.2651798,0.0177,51.0,54.02222,0.0,121.0,4862.0,4319.0,1.0,26.51798,10.0
108,1.0,-2.55,-0.2655901,0.0176,51.0,53.033333,0.0,84.0,4773.0,4329.0,1.0,26.55901,10.0
109,1.0,-2.55,-0.26595914,0.0178,51.0,53.377777,0.0,82.0,4804.0,4329.0,1.0,26.595913,50.0
110,1.0,-2.55,-0.25657463,0.0036,51.0,8.233334,0.0,8.0,741.0,4329.0,1.0,25.657463,30.0
111,1.0,-2.55,-0.2767172,0.0083,51.0,51.47778,0.0,22.0,4633.0,4329.0,1.0,27.671719,90.0
112,1.0,-2.55,-0.26629975,0.0051,51.0,26.088888,0.0,13.0,2348.0,4330.0,1.0,26.629974,70.0
113,1.0,-2.55,-0.2772989,0.0077,51.0,50.5,0.0,20.0,4545.0,4329.0,1.0,27.72989,10.0
114,1.0,-2.55,-0.31644556,0.0181,51.0,53.81111,0.0,70.0,4843.0,4329.0,1.0,31.644556,50.0
115,1.0,-2.55,-0.26537803,0.0112,51.0,52.315216,0.0,30.0,4813.0,4415.0,1.0,26.537804,50.0
116,1.0,-2.55,-0.264808,0.0141,51.0,53.304348,0.0,39.0,4904.0,4416.0,1.0,26.4808,90.0
117,1.0,-2.55,-0.26431093,0.0179,51.0,54.891304,0.0,74.0,5050.0,4425.0,1.0,26.431093,50.0
118,1.0,-2.55,-0.2660653,0.0179,51.0,52.010868,0.0,59.0,4785.0,4425.0,1.0,26.606531,10.0
119,1.0,-2.55,-0.26588383,0.018,51.0,51.858696,0.0,136.0,4771.0,4425.0,1.0,26.588385,10.0
120,1.0,-2.55,-0.29700375,0.0177,51.0,52.934784,0.0,109.0,4870.0,4426.0,1.0,29.700375,10.0
121,1.0,-2.55,-0.4393625,0.0179,51.0,52.347828,0.0,56.0,4816.0,4425.0,1.0,43.93625,70.0
122,1.0,-2.55,-0.2658045,0.0176,51.0,52.195652,0.0,74.0,4802.0,4427.0,1.0,26.58045,70.0
123,1.0,-2.55,-0.26574984,0.0176,51.0,52.663044,0.0,57.0,4845.0,4425.0,1.0,26.574984,30.0
124,1.0,-2.55,-0.2688431,0.0177,51.0,52.336956,0.0,99.0,4815.0,4426.0,1.0,26.884312,70.0
125,1.0,-2.55,-0.26565835,0.0177,51.0,53.72826,0.0,59.0,4943.0,4426.0,1.0,26.565834,70.0
126,1.0,-2.55,-0.2703594,0.0177,51.0,53.423912,0.0,59.0,4915.0,4425.0,1.0,27.035938,30.0
127,1.0,-2.55,-0.33073726,0.0144,51.0,53.54348,0.0,40.0,4926.0,4425.0,1.0,33.073727,10.0
128,1.0,-2.55,-0.2716983,0.0179,51.0,54.79348,0.0,52.0,5041.0,4426.0,1.0,27.16983,90.0
129,1.0,-2.55,-0.26801544,0.0179,51.0,54.54348,0.0,77.0,5018.0,4426.0,1.0,26.801544,30.0
130,1.0,-2.55,-0.2676214,0.0179,51.0,56.282608,0.0,82.0,5178.0,4426.0,1.0,26.762138,10.0
131,1.0,-2.55,-0.2702861,0.0179,51.0,55.967392,0.0,61.0,5149.0,4427.0,1.0,27.02861,30.0
132,1.0,-2.55,-0.2662289,0.0175,51.0,52.076088,0.0,49.0,4791.0,4427.0,1.0,26.62289,50.0
133,1.0,-2.55,-0.2963695,0.0179,51.0,52.902172,0.0,103.0,4867.0,4428.0,1.0,29.63695,90.0
134,1.0,-2.55,-0.42154798,0.0182,51.0,53.097828,0.0,75.0,4885.0,4426.0,1.0,42.154797,70.0
135,1.0,-2.55,-0.26500392,0.018,51.0,53.532608,0.0,100.0,4925.0,4427.0,1.0,26.500391,10.0
136,1.0,-2.55,-0.264936,0.0181,51.0,54.0,0.0,115.0,4968.0,4427.0,1.0,26.4936,10.0
137,1.0,-2.55,-0.2643375,0.0179,51.0,54.130436,0.0,70.0,4980.0,4427.0,1.0,26.43375,90.0
138,1.0,-2.55,-0.2651664,0.0181,51.0,54.402172,0.0,56.0,5005.0,4427.0,1.0,26.51664,30.0
139,1.0,-2.55,-0.28150603,0.0182,51.0,55.20652,0.0,54.0,5079.0,4427.0,1.0,28.150602,90.0
140,1.0,-2.55,-0.36222026,0.0179,51.0,55.913044,0.0,144.0,5144.0,4428.0,1.0,36.222027,90.0
141,1.0,-2.55,-0.29398632,0.0179,51.0,55.804348,0.0,66.0,5134.0,4428.0,1.0,29.398632,50.0
142,1.0,-2.55,-0.28192163,0.0179,51.0,57.097828,0.0,139.0,5253.0,4427.0,1.0,28.192162,70.0
143,1.0,-2.55,-0.2879237,0.0178,51.0,57.836956,0.0,135.0,5321.0,4427.0,1.0,28.792368,10.0
144,1.0,-2.55,-0.5316957,0.0181,51.0,57.184784,0.0,120.0,5261.0,4428.0,1.0,53.16957,50.0
145,1.0,-2.55,-0.2603339,0.0038,51.0,26.130434,0.0,9.0,2404.0,4428.0,1.0,26.033388,70.0
146,1.0,-2.55,-0.2682494,0.0176,51.0,53.586956,0.0,133.0,4930.0,4427.0,1.0,26.824938,30.0
147,1.0,-2.55,-0.2704656,0.0178,51.0,53.79348,0.0,134.0,4949.0,4427.0,1.0,27.046562,50.0
148,1.0,-2.55,-0.25737077,0.0027,51.0,9.478261,0.0,4.0,872.0,4429.0,1.0,25.737076,70.0
149,1.0,-2.55,-0.30826256,0.018,51.0,55.467392,0.0,124.0,5103.0,4428.0,1.0,30.826256,10.0
150,1.0,-2.55,-0.40780574,0.0178,51.0,56.065216,0.0,63.0,5158.0,4427.0,1.0,40.780575,90.0
151,1.0,-2.55,-0.27892974,0.0177,51.0,56.239132,0.0,142.0,5174.0,4427.0,1.0,27.892975,30.0
152,1.0,-2.55,-0.26690936,0.017,51.0,55.97826,0.0,48.0,5150.0,4428.0,1.0,26.690937,50.0
153,1.0,-2.55,-0.267502,0.0176,51.0,57.217392,0.0,108.0,5264.0,4429.0,1.0,26.7502,50.0
154,1.0,-2.55,-0.270798,0.0176,51.0,57.239132,0.0,56.0,5266.0,4428.0,1.0,27.0798,90.0
155,1.0,-2.55,-0.268035,0.0176,51.0,57.391304,0.0,83.0,5280.0,4429.0,1.0,26.8035,30.0
156,1.0,-2.55,-0.25995675,0.0038,51.0,23.945652,0.0,9.0,2203.0,4429.0,1.0,25.995674,10.0
157,1.0,-2.55,-0.2595648,0.0034,51.0,23.01087,0.0,7.0,2117.0,4430.0,1.0,25.956478,50.0
158,1.0,-2.55,-0.25885782,0.0024,51.0,17.891304,0.0,2.0,1646.0,4432.0,1.0,25.88578,10.0
159,1.0,-2.55,-0.2601612,0.0027,51.0,19.097826,0.0,4.0,1757.0,4430.0,1.0,26.016119,10.0
160,1.0,-2.55,-0.2584255,0.0025,51.0,17.52174,0.0,3.0,1612.0,4430.0,1.0,25.84255,70.0
161,1.0,-1.55,-0.16145363,0.0045,31.0,48.98387,0.0,11.0,3037.0,2988.0,1.0,16.145363,10.0
162,1.0,-1.55,-0.15887395,0.0025,31.0,28.161291,0.0,3.0,1746.0,2988.0,1.0,15.887394,90.0
163,1.0,-1.55,-0.15936172,0.0028,31.0,30.016129,0.0,4.0,1861.0,2988.0,1.0,15.936172,90.0
164,1.0,-1.55,-0.16103247,0.0027,31.0,28.564516,0.0,4.0,1771.0,2988.0,1.0,16.103247,10.0
165,1.0,-1.55,-0.159389,0.0031,31.0,29.806452,0.0,6.0,1848.0,2988.0,1.0,15.9389,30.0
166,1.0,-1.25,-0.12999366,0.0038,25.0,35.30645,0.0,9.0,2189.0,2988.0,1.0,12.999366,50.0
167,1.0,-1.25,-0.12854594,0.0031,25.0,32.42,0.0,6.0,1621.0,2410.0,1.0,12.854593,90.0
168,1.0,-1.25,-0.12821901,0.0025,25.0,27.84,0.0,3.0,1392.0,2410.0,1.0,12.8219,70.0
169,1.0,-1.25,-0.12929516,0.0029,25.0,35.7,0.0,5.0,1785.0,2410.0,1.0,12.929516,50.0
170,1.0,-1.25,-0.12847456,0.0023,25.0,31.32,0.0,2.0,1566.0,2410.0,1.0,12.847456,30.0
171,1.0,-2.45,-0.29886788,0.0124,49.0,99.64,0.0,35.0,4982.0,2410.0,1.0,29.886787,90.0
172,1.0,-2.45,-0.24890488,0.0028,49.0,27.0,0.0,4.0,1404.0,2498.0,1.0,24.890488,50.0
173,1.0,-2.45,-0.25136322,0.0028,49.0,29.442308,0.0,4.0,1531.0,2498.0,1.0,25.136322,50.0
174,1.0,-2.45,-0.25257385,0.0027,49.0,38.51923,0.0,4.0,2003.0,2507.0,1.0,25.257385,10.0
175,1.0,-2.45,-0.25400117,0.0029,49.0,46.942307,0.0,5.0,2441.0,2507.0,1.0,25.400118,10.0
176,1.0,-2.45,-0.25565618,0.0039,49.0,47.51923,0.0,9.0,2471.0,2507.0,1.0,25.565619,10.0
177,1.0,-2.45,-0.27894178,0.0036,49.0,55.403847,0.0,8.0,2881.0,2507.0,1.0,27.894178,30.0
178,1.0,-2.45,-0.272405,0.0035,49.0,56.38889,0.0,7.0,3045.0,2595.0,1.0,27.2405,10.0
179,1.0,-2.45,-0.35001016,0.0041,49.0,64.35185,0.0,10.0,3475.0,2595.0,1.0,35.001015,30.0
180,1.0,-2.45,-0.2613604,0.0032,49.0,39.44643,0.0,6.0,2209.0,2683.0,1.0,26.13604,10.0
181,1.0,-2.45,-0.27502126,0.0164,49.0,91.25,0.0,47.0,5110.0,2692.0,1.0,27.502125,90.0
182,1.0,-2.45,-0.25198907,0.0031,49.0,22.821428,0.0,6.0,1278.0,2701.0,1.0,25.198906,30.0
183,1.0,-2.45,-0.275821,0.0039,49.0,37.0,0.0,9.0,2072.0,2701.0,1.0,27.5821,10.0
184,1.0,-2.45,-0.25235328,0.0032,49.0,30.051723,0.0,6.0,1743.0,2787.0,1.0,25.235329,70.0
185,1.0,-2.45,-0.28136724,0.0038,49.0,50.41379,0.0,9.0,2924.0,2787.0,1.0,28.136724,50.0
186,1.0,-2.45,-0.49807063,0.0049,49.0,73.44827,0.0,13.0,4260.0,2787.0,1.0,49.807064,90.0
187,1.0,-2.45,-0.25713733,0.0098,49.0,79.916664,0.0,27.0,4795.0,2883.0,1.0,25.713734,70.0
188,1.0,-2.45,-0.274353,0.0094,49.0,79.46667,0.0,25.0,4768.0,2893.0,1.0,27.4353,90.0
189,1.0,-2.45,-0.27283016,0.0068,49.0,76.11667,0.0,18.0,4567.0,2893.0,1.0,27.283016,10.0
190,1.0,-2.45,-0.346517,0.0044,49.0,49.4,0.0,11.0,2964.0,2893.0,1.0,34.6517,50.0
191,1.0,-2.45,-0.25912157,0.0148,49.0,80.98387,0.0,42.0,5021.0,2979.0,1.0,25.912157,50.0
192,1.0,-2.45,-0.25908968,0.0074,49.0,76.548386,0.0,20.0,4746.0,2990.0,1.0,25.908968,50.0
193,1.0,-2.45,-0.2550305,0.0073,49.0,71.90323,0.0,19.0,4458.0,2989.0,1.0,25.50305,30.0
194,1.0,-2.45,-0.30494037,0.0064,49.0,63.919353,0.0,17.0,3963.0,2990.0,1.0,30.494038,10.0
195,1.0,-2.45,-0.25477713,0.0046,49.0,45.6875,0.0,12.0,2924.0,3075.0,1.0,25.477713,30.0
196,1.0,-2.45,-0.25617862,0.009,49.0,75.53125,0.0,25.0,4834.0,3075.0,1.0,25.617863,10.0
197,1.0,-2.45,-0.25575322,0.0173,49.0,77.921875,0.0,66.0,4987.0,3085.0,1.0,25.575321,90.0
198,1.0,-2.45,-0.2562192,0.0163,49.0,76.84375,0.0,46.0,4918.0,3085.0,1.0,25.62192,10.0
199,1.0,-2.45,-0.25537026,0.0172,49.0,78.5625,0.0,117.0,5028.0,3086.0,1.0,25.537025,70.0
200,1.0,-2.45,-0.29075375,0.0175,49.0,77.8125,0.0,84.0,4980.0,3085.0,1.0,29.075375,30.0
201,1.0,-2.45,-0.42261788,0.0174,49.0,78.453125,0.0,71.0,5021.0,3086.0,1.0,42.261787,10.0
202,1.0,-2.45,-0.25664264,0.0088,49.0,71.454544,0.0,24.0,4716.0,3171.0,1.0,25.664263,10.0
203,1.0,-2.45,-0.25707707,0.0091,49.0,71.40909,0.0,24.0,4713.0,3181.0,1.0,25.707706,50.0
204,1.0,-2.45,-0.25961363,0.009,49.0,73.045456,0.0,24.0,4821.0,3181.0,1.0,25.961365,90.0
205,1.0,-2.45,-0.25678086,0.0086,49.0,72.30303,0.0,23.0,4772.0,3181.0,1.0,25.678087,70.0
206,1.0,-2.45,-0.257375,0.013,49.0,75.0,0.0,36.0,4950.0,3181.0,1.0,25.7375,30.0
207,1.0,-2.45,-0.32855597,0.0175,49.0,76.72727,0.0,90.0,5064.0,3181.0,1.0,32.8556,30.0
208,1.0,-2.45,-0.26325932,0.0177,49.0,73.44118,0.0,53.0,4994.0,3267.0,1.0,26.325932,30.0
209,1.0,-2.45,-0.2641367,0.0174,49.0,72.04412,0.0,96.0,4899.0,3267.0,1.0,26.413671,50.0
210,1.0,-2.45,-0.25776294,0.0091,49.0,69.838234,0.0,25.0,4749.0,3278.0,1.0,25.776293,10.0
211,1.0,-2.45,-0.25928012,0.0174,49.0,73.04412,0.0,54.0,4967.0,3278.0,1.0,25.928013,50.0
212,1.0,-2.45,-0.2602053,0.0176,49.0,73.01471,0.0,112.0,4965.0,3277.0,1.0,26.02053,70.0
213,1.0,-2.45,-0.29463175,0.0179,49.0,73.911766,0.0,82.0,5026.0,3278.0,1.0,29.463175,90.0
214,1.0,-2.45,-0.41441032,0.0177,49.0,72.14706,0.0,118.0,4906.0,3277.0,1.0,41.441032,30.0
215,1.0,-2.45,-0.25976825,0.0175,49.0,69.6,0.0,91.0,4872.0,3364.0,1.0,25.976826,10.0
216,1.0,-2.45,-0.25876218,0.0098,49.0,66.92857,0.0,27.0,4685.0,3373.0,1.0,25.876219,30.0
217,1.0,-2.45,-0.26054454,0.0176,49.0,70.35714,0.0,54.0,4925.0,3373.0,1.0,26.054453,70.0
218,1.0,-2.45,-0.25647697,0.0174,49.0,71.87143,0.0,87.0,5031.0,3374.0,1.0,25.647697,50.0
219,1.0,-2.45,-0.25612625,0.0175,49.0,70.64286,0.0,119.0,4945.0,3373.0,1.0,25.612625,30.0
220,1.0,-2.45,-0.26759735,0.0178,49.0,71.24286,0.0,154.0,4987.0,3374.0,1.0,26.759735,30.0
221,1.0,-2.45,-0.26976424,0.0178,49.0,71.2,0.0,72.0,4984.0,3373.0,1.0,26.976425,70.0
222,1.0,-2.45,-0.27215233,0.0148,49.0,70.92857,0.0,41.0,4965.0,3375.0,1.0,27.215235,90.0
223,1.0,-2.45,-0.49970695,0.0176,49.0,71.12857,0.0,90.0,4979.0,3373.0,1.0,49.970695,70.0
224,1.0,-2.45,-0.2607399,0.0175,49.0,68.583336,0.0,85.0,4938.0,3460.0,1.0,26.073988,50.0
225,1.0,-2.45,-0.2590254,0.0174,49.0,68.5,0.0,144.0,4932.0,3469.0,1.0,25.902538,50.0
226,1.0,-2.45,-0.2563613,0.0174,49.0,68.236115,0.0,129.0,4913.0,3470.0,1.0,25.636131,90.0
227,1.0,-2.45,-0.25540173,0.0089,49.0,64.208336,0.0,24.0,4623.0,3469.0,1.0,25.540174,50.0
228,1.0,-2.45,-0.2568219,0.0176,49.0,68.236115,0.0,72.0,4913.0,3469.0,1.0,25.68219,10.0
229,1.0,-2.45,-0.31738815,0.0064,49.0,63.083332,0.0,17.0,4542.0,3470.0,1.0,31.738813,50.0
230,1.0,-2.45,-0.25898093,0.0174,49.0,67.175674,0.0,55.0,4971.0,3558.0,1.0,25.898094,90.0
231,1.0,-2.45,-0.26175094,0.0175,49.0,65.85135,0.0,63.0,4873.0,3557.0,1.0,26.175095,90.0
232,1.0,-2.45,-0.25650012,0.0083,49.0,63.756756,0.0,22.0,4718.0,3568.0,1.0,25.650013,90.0
233,1.0,-2.45,-0.25939175,0.0174,49.0,66.91892,0.0,84.0,4952.0,3567.0,1.0,25.939175,90.0
234,1.0,-2.45,-0.2591249,0.0176,49.0,67.12162,0.0,64.0,4967.0,3566.0,1.0,25.91249,50.0
235,1.0,-2.45,-0.29464465,0.0177,49.0,66.87838,0.0,57.0,4949.0,3566.0,1.0,29.464466,30.0
236,1.0,-2.45,-0.40473294,0.0177,49.0,65.97298,0.0,75.0,4882.0,3566.0,1.0,40.473293,10.0
237,1.0,-2.45,-0.25916225,0.0177,49.0,64.81579,0.0,100.0,4926.0,3652.0,1.0,25.916225,10.0
238,1.0,-2.45,-0.2573611,0.0095,49.0,61.960526,0.0,26.0,4709.0,3661.0,1.0,25.736113,10.0
239,1.0,-2.45,-0.25823298,0.0119,49.0,63.31579,0.0,33.0,4812.0,3662.0,1.0,25.8233,10.0
240,1.0,-2.45,-0.26175195,0.0177,49.0,64.710526,0.0,72.0,4918.0,3661.0,1.0,26.175194,70.0
241,1.0,-2.45,-0.25692424,0.0176,49.0,64.36842,0.0,78.0,4892.0,3662.0,1.0,25.692425,50.0
242,1.0,-2.45,-0.26898012,0.0181,49.0,64.72369,0.0,142.0,4919.0,3661.0,1.0,26.898012,50.0
243,1.0,-2.45,-0.27047637,0.0178,49.0,65.4079,0.0,127.0,4971.0,3662.0,1.0,27.047638,90.0
244,1.0,-2.45,-0.2700391,0.0178,49.0,65.07895,0.0,134.0,4946.0,3661.0,1.0,27.003912,90.0
245,1.0,-2.45,-0.27054515,0.0181,49.0,65.98684,0.0,137.0,5015.0,3662.0,1.0,27.054516,50.0
246,1.0,-2.45,-0.26269862,0.0179,49.0,64.25641,0.0,145.0,5012.0,3749.0,1.0,26.269863,10.0
247,1.0,-2.45,-0.2582175,0.0179,49.0,63.794872,0.0,125.0,4976.0,3748.0,1.0,25.82175,70.0
248,1.0,-2.45,-0.25719318,0.0179,49.0,63.320515,0.0,104.0,4939.0,3758.0,1.0,25.719316,50.0
249,1.0,-2.45,-0.2555182,0.0179,49.0,62.53846,0.0,75.0,4878.0,3759.0,1.0,25.551819,70.0
250,1.0,-2.45,-0.25547624,0.0179,49.0,63.205128,0.0,82.0,4930.0,3757.0,1.0,25.547625,50.0
251,1.0,-2.45,-0.26789984,0.0181,49.0,63.910255,0.0,70.0,4985.0,3756.0,1.0,26.789984,10.0
252,1.0,-2.45,-0.2660735,0.0091,49.0,60.03846,0.0,24.0,4683.0,3758.0,1.0,26.60735,50.0
253,1.0,-2.45,-0.26698783,0.0176,49.0,63.525642,0.0,81.0,4955.0,3757.0,1.0,26.698782,10.0
254,1.0,-2.45,-0.2641475,0.003,49.0,10.910256,0.0,5.0,851.0,3758.0,1.0,26.41475,10.0
255,1.0,-2.45,-0.24880119,0.0031,49.0,15.675,0.0,6.0,1254.0,3845.0,1.0,24.88012,30.0
256,1.0,-2.45,-0.25599903,0.0166,49.0,63.7625,0.0,48.0,5101.0,3845.0,1.0,25.599903,90.0
257,1.0,-2.45,-0.25600055,0.0172,49.0,61.975,0.0,49.0,4958.0,3853.0,1.0,25.600056,10.0
258,1.0,-2.45,-0.2569771,0.0174,49.0,63.0375,0.0,85.0,5043.0,3853.0,1.0,25.697712,70.0
259,1.0,-2.45,-0.25608626,0.0175,49.0,63.35,0.0,65.0,5068.0,3855.0,1.0,25.608625,90.0
260,1.0,-2.45,-0.27351367,0.0176,49.0,62.325,0.0,81.0,4986.0,3854.0,1.0,27.351368,90.0
261,1.0,-2.45,-0.27423626,0.0176,49.0,61.55,0.0,133.0,4924.0,3855.0,1.0,27.423626,30.0
262,1.0,-2.45,-0.27560225,0.0128,49.0,60.9,0.0,35.0,4872.0,3855.0,1.0,27.560225,70.0
263,1.0,-2.45,-0.276295,0.003,49.0,11.0,0.0,5.0,880.0,3855.0,1.0,27.6295,70.0
264,1.0,-2.45,-0.25781313,0.0176,49.0,60.243904,0.0,75.0,4940.0,3941.0,1.0,25.781313,70.0
265,1.0,-2.45,-0.24883606,0.0041,49.0,18.256098,0.0,10.0,1497.0,3942.0,1.0,24.883606,10.0
266,1.0,-2.45,-0.26497075,0.0177,49.0,61.365852,0.0,76.0,5032.0,3952.0,1.0,26.497074,70.0
267,1.0,-2.45,-0.2580962,0.0104,49.0,59.42683,0.0,28.0,4873.0,3952.0,1.0,25.809618,50.0
268,1.0,-2.45,-0.25757676,0.0113,49.0,59.853657,0.0,31.0,4908.0,3952.0,1.0,25.757675,50.0
269,1.0,-2.45,-0.3030105,0.0177,49.0,62.536587,0.0,84.0,5128.0,3952.0,1.0,30.30105,70.0
270,1.0,-2.45,-0.51881903,0.0119,49.0,60.439026,0.0,33.0,4956.0,3952.0,1.0,51.8819,30.0
271,1.0,-2.45,-0.26061094,0.0176,49.0,61.309525,0.0,138.0,5150.0,4040.0,1.0,26.061094,30.0
272,1.0,-2.45,-0.26593408,0.0174,49.0,61.345238,0.0,106.0,5153.0,4050.0,1.0,26.593407,70.0
273,1.0,-2.45,-0.26027125,0.0165,49.0,61.238094,0.0,47.0,5144.0,4050.0,1.0,26.027124,50.0
274,1.0,-2.45,-0.24747406,0.0039,49.0,13.464286,0.0,9.0,1131.0,4050.0,1.0,24.747406,10.0
275,1.0,-2.45,-0.25192127,0.0034,49.0,11.666667,0.0,7.0,980.0,4050.0,1.0,25.192125,10.0
276,1.0,-2.45,-0.2557415,0.0048,49.0,26.571428,0.0,12.0,2232.0,4051.0,1.0,25.57415,50.0
277,1.0,-2.45,-0.25518388,0.0037,49.0,24.869047,0.0,8.0,2089.0,4050.0,1.0,25.518387,90.0
278,1.0,-2.45,-0.30628324,0.0035,49.0,30.880953,0.0,7.0,2594.0,4052.0,1.0,30.628325,10.0
279,1.0,-2.45,-0.2515492,0.0032,49.0,29.360466,0.0,6.0,2525.0,4136.0,1.0,25.154922,90.0
280,1.0,-2.45,-0.2528619,0.0039,49.0,41.7907,0.0,9.0,3594.0,4136.0,1.0,25.286188,10.0
281,1.0,-1.8,-0.19711085,0.0058,36.0,53.180557,0.0,15.0,3829.0,3471.0,1.0,19.711084,70.0
282,1.0,-2.05,-0.21419218,0.0039,41.0,33.841465,0.0,9.0,2775.0,3900.0,1.0,21.419218,50.0
283,1.0,-2.05,-0.21022,0.0042,41.0,31.829268,0.0,10.0,2610.0,3900.0,1.0,21.022,10.0
284,1.0,-2.05,-0.20844294,0.0034,41.0,21.670732,0.0,7.0,1777.0,3900.0,1.0,20.844294,50.0
285,1.0,-2.05,-0.20830537,0.0036,41.0,20.804878,0.0,8.0,1706.0,3900.0,1.0,20.830538,70.0
286,1.0,-2.05,-0.2112446,0.0054,41.0,30.085365,0.0,14.0,2467.0,3950.0,1.0,21.12446,50.0
287,1.0,-1.85,-0.18931401,0.0039,37.0,29.14865,0.0,9.0,2157.0,3566.0,1.0,18.9314,50.0
288,1.0,-1.85,-0.18901625,0.0036,37.0,28.945946,0.0,8.0,2142.0,3566.0,1.0,18.901625,90.0
289,1.0,-1.85,-0.18872982,0.0034,37.0,19.432432,0.0,7.0,1438.0,3566.0,1.0,18.872982,30.0
290,1.0,-1.85,-0.1892326,0.0034,37.0,23.77027,0.0,7.0,1759.0,3567.0,1.0,18.92326,50.0
291,1.0,-2.35,-0.28436598,0.0137,47.0,72.1,0.0,38.0,5047.0,3375.0,1.0,28.436598,30.0
292,1.0,-2.35,-0.24219273,0.0039,47.0,25.1,0.0,9.0,1757.0,3374.0,1.0,24.219273,90.0
293,1.0,-2.35,-0.319754,0.0032,47.0,19.528572,0.0,6.0,1367.0,3374.0,1.0,31.9754,50.0
294,1.0,-2.35,-0.2566921,0.0036,47.0,26.48611,0.0,8.0,1907.0,3460.0,1.0,25.669212,50.0
295,1.0,-2.35,-0.24167863,0.0032,47.0,28.594595,0.0,6.0,2116.0,3546.0,1.0,24.167862,90.0
296,1.0,-2.35,-0.26543546,0.0058,47.0,63.58108,0.0,15.0,4705.0,3547.0,1.0,26.543547,50.0
297,1.0,-2.35,-0.25521672,0.0044,47.0,49.39189,0.0,11.0,3655.0,3557.0,1.0,25.521671,30.0
298,1.0,-2.35,-0.26312265,0.006,47.0,62.364864,0.0,16.0,4615.0,3566.0,1.0,26.312265,30.0
299,1.0,-2.35,-0.24244049,0.0036,47.0,34.05263,0.0,8.0,2588.0,3652.0,1.0,24.24405,10.0
300,1.0,-2.35,-0.25135055,0.0043,47.0,37.013157,0.0,11.0,2813.0,3652.0,1.0,25.135056,90.0
301,1.0,-2.35,-0.265354,0.0113,47.0,66.56579,0.0,31.0,5059.0,3652.0,1.0,26.5354,30.0
302,1.0,-2.35,-0.26114884,0.0061,47.0,54.776318,0.0,16.0,4163.0,3662.0,1.0,26.114883,90.0
303,1.0,-2.35,-0.61867714,0.0058,47.0,58.894737,0.0,15.0,4476.0,3662.0,1.0,61.867714,90.0
304,1.0,-2.35,-0.24321681,0.005,47.0,43.21795,0.0,13.0,3371.0,3748.0,1.0,24.321682,30.0
305,1.0,-2.35,-0.26423737,0.0042,47.0,39.71795,0.0,10.0,3098.0,3749.0,1.0,26.423737,10.0
306,1.0,-2.35,-0.2480336,0.0108,47.0,62.8125,0.0,29.0,5025.0,3844.0,1.0,24.80336,10.0
307,1.0,-2.35,-0.2482,0.0076,47.0,60.0,0.0,20.0,4800.0,3845.0,1.0,24.82,10.0
308,1.0,-2.35,-0.24610375,0.0134,47.0,63.45,0.0,37.0,5076.0,3854.0,1.0,24.610374,10.0
309,1.0,-2.35,-0.26089585,0.0181,47.0,64.3375,0.0,143.0,5147.0,3854.0,1.0,26.089584,10.0
310,1.0,-2.35,-0.25850162,0.0178,47.0,63.95,0.0,121.0,5116.0,3854.0,1.0,25.850163,50.0
311,1.0,-2.6,-0.2843422,0.018,52.0,64.9125,0.0,134.0,5193.0,3854.0,1.0,28.43422,10.0
312,1.0,-2.6,-0.39674598,0.0176,52.0,64.2,0.0,80.0,5136.0,3854.0,1.0,39.6746,90.0
313,1.0,-2.6,-0.31230262,0.0178,52.0,62.609756,0.0,83.0,5134.0,3943.0,1.0,31.230263,30.0
314,1.0,-2.6,-0.49213192,0.0179,52.0,61.792683,0.0,67.0,5067.0,3943.0,1.0,49.213192,70.0
315,1.0,-2.6,-0.2856996,0.0179,52.0,59.395348,0.0,62.0,5108.0,4123.0,1.0,28.569962,10.0
316,1.0,-2.6,-0.28233442,0.0059,52.0,49.17442,0.0,15.0,4229.0,4128.0,1.0,28.23344,10.0
317,1.0,-2.6,-0.28239343,0.0102,52.0,57.465115,0.0,28.0,4942.0,4142.0,1.0,28.239344,10.0
318,1.0,-2.6,-0.5207367,0.0178,52.0,58.94186,0.0,126.0,5069.0,4142.0,1.0,52.07367,30.0
319,1.0,-2.6,-0.307241,0.0176,52.0,59.647728,0.0,92.0,5249.0,4229.0,1.0,30.7241,90.0
320,1.0,-2.6,-0.45656422,0.0178,52.0,58.829544,0.0,124.0,5177.0,4233.0,1.0,45.65642,30.0
321,1.0,-2.6,-0.2733189,0.0179,52.0,55.815216,0.0,142.0,5135.0,4410.0,1.0,27.33189,70.0
322,1.0,-2.6,-0.32147148,0.0178,52.0,55.826088,0.0,70.0,5136.0,4411.0,1.0,32.14715,50.0
323,1.0,-2.6,-0.453477,0.018,52.0,56.173912,0.0,91.0,5168.0,4429.0,1.0,45.3477,30.0
324,1.0,-2.6,-0.27429736,0.011,52.0,54.054348,0.0,30.0,4973.0,4430.0,1.0,27.429737,30.0
325,1.0,-2.6,-0.27436906,0.0176,52.0,55.532608,0.0,112.0,5109.0,4430.0,1.0,27.436907,50.0
326,1.0,-2.6,-0.27320477,0.0179,52.0,55.336956,0.0,107.0,5091.0,4430.0,1.0,27.320478,50.0
327,1.0,-2.6,-0.28743482,0.0179,52.0,55.804348,0.0,77.0,5134.0,4431.0,1.0,28.74348,90.0
328,1.0,-2.6,-0.28940344,0.0179,52.0,55.282608,0.0,122.0,5086.0,4431.0,1.0,28.940344,30.0
329,1.0,-2.6,-0.285281,0.0178,52.0,55.304348,0.0,53.0,5088.0,4431.0,1.0,28.5281,90.0
330,1.0,-2.6,-0.4378505,0.018,52.0,55.630436,0.0,134.0,5118.0,4433.0,1.0,43.78505,70.0
331,1.0,-2.6,-0.31928214,0.0175,52.0,55.880436,0.0,110.0,5141.0,4431.0,1.0,31.928215,30.0
332,1.0,-2.6,-0.2847507,0.0178,52.0,55.902172,0.0,118.0,5143.0,4431.0,1.0,28.475069,90.0
333,1.0,-2.6,-0.2827555,0.0179,52.0,55.739132,0.0,128.0,5128.0,4431.0,1.0,28.27555,90.0
334,1.0,-2.6,-0.28440076,0.0178,52.0,55.836956,0.0,130.0,5137.0,4431.0,1.0,28.440075,70.0
335,1.0,-2.6,-0.2830445,0.018,52.0,55.663044,0.0,82.0,5121.0,4431.0,1.0,28.30445,90.0
336,1.0,-2.6,-0.43470657,0.0178,52.0,55.75,0.0,88.0,5129.0,4431.0,1.0,43.470657,10.0
337,1.0,-2.6,-0.30679193,0.0179,52.0,55.358696,0.0,132.0,5093.0,4432.0,1.0,30.679193,30.0
338,1.0,-2.6,-0.28910142,0.0185,52.0,55.923912,0.0,124.0,5145.0,4431.0,1.0,28.910141,30.0
339,1.0,-2.6,-0.28624874,0.018,52.0,55.0,0.0,113.0,5060.0,4431.0,1.0,28.624874,70.0
340,1.0,-2.6,-0.3745225,0.0095,52.0,52.413044,0.0,25.0,4822.0,4432.0,1.0,37.45225,10.0
341,1.0,-2.6,-0.27300212,0.018,52.0,55.152172,0.0,59.0,5074.0,4431.0,1.0,27.300213,30.0
342,1.0,-2.6,-0.30365163,0.0177,52.0,55.413044,0.0,95.0,5098.0,4431.0,1.0,30.365162,70.0
343,1.0,-2.6,-0.27722234,0.0178,52.0,53.967392,0.0,133.0,4965.0,4433.0,1.0,27.722235,10.0
344,1.0,-2.6,-0.27150005,0.0176,52.0,54.054348,0.0,124.0,4973.0,4432.0,1.0,27.150005,30.0
345,1.0,-2.6,-0.2717895,0.0178,52.0,53.95652,0.0,108.0,4964.0,4433.0,1.0,27.17895,70.0
346,1.0,-2.6,-0.27355748,0.0102,52.0,53.586956,0.0,28.0,4930.0,4433.0,1.0,27.35575,30.0
347,1.0,-2.6,-0.273314,0.0177,52.0,55.130436,0.0,106.0,5072.0,4433.0,1.0,27.3314,30.0
348,1.0,-2.6,-0.2933375,0.0179,52.0,55.217392,0.0,61.0,5080.0,4434.0,1.0,29.33375,30.0
349,1.0,-2.6,-0.29230872,0.018,52.0,55.358696,0.0,110.0,5093.0,4434.0,1.0,29.230871,50.0
350,1.0,-2.6,-0.32700583,0.0181,52.0,55.097828,0.0,135.0,5069.0,4434.0,1.0,32.700584,90.0
351,1.0,-2.6,-0.30500585,0.0178,52.0,55.315216,0.0,188.0,5089.0,4435.0,1.0,30.500584,50.0
352,1.0,-2.6,-0.5341203,0.0178,52.0,54.891304,0.0,107.0,5050.0,4434.0,1.0,53.412033,70.0
353,1.0,-2.6,-0.29242203,0.0176,52.0,55.010868,0.0,80.0,5061.0,4434.0,1.0,29.242203,70.0
354,1.0,-2.6,-0.28988388,0.01,52.0,53.032608,0.0,27.0,4879.0,4434.0,1.0,28.988388,70.0
355,1.0,-2.6,-0.4315529,0.0181,52.0,54.54348,0.0,90.0,5018.0,4434.0,1.0,43.15529,90.0
356,1.0,-2.6,-0.29091054,0.0177,52.0,54.576088,0.0,54.0,5021.0,4434.0,1.0,29.091053,30.0
357,1.0,-2.6,-0.29108,0.0062,52.0,48.260868,0.0,16.0,4440.0,4435.0,1.0,29.108,10.0
358,1.0,-2.6,-0.3119825,0.0052,52.0,41.565216,0.0,13.0,3824.0,4434.0,1.0,31.19825,10.0
359,1.0,-2.6,-0.26946276,0.0045,52.0,35.391304,0.0,11.0,3256.0,4435.0,1.0,26.946276,90.0
360,1.0,-2.6,-0.31569922,0.0077,52.0,51.663044,0.0,20.0,4753.0,4434.0,1.0,31.569921,90.0
361,1.0,-2.6,-0.48716632,0.0181,52.0,55.29348,0.0,245.0,5087.0,4434.0,1.0,48.716633,30.0
362,1.0,-2.6,-0.27285117,0.0178,52.0,55.184784,0.0,174.0,5077.0,4435.0,1.0,27.285116,10.0
363,1.0,-2.6,-0.2796914,0.0178,52.0,54.79348,0.0,206.0,5041.0,4434.0,1.0,27.969141,30.0
364,1.0,-2.6,-0.27221227,0.0178,52.0,55.891304,0.0,228.0,5142.0,4434.0,1.0,27.221226,90.0
365,1.0,-2.6,-0.2919125,0.0184,52.0,55.5,0.0,212.0,5106.0,4434.0,1.0,29.19125,70.0
366,1.0,-2.6,-0.28995505,0.0182,52.0,55.717392,0.0,193.0,5126.0,4434.0,1.0,28.995506,70.0
367,1.0,-2.6,-0.28878248,0.018,52.0,54.70652,0.0,213.0,5033.0,4434.0,1.0,28.878246,10.0
368,1.0,-2.6,-0.29125544,0.0178,52.0,54.630436,0.0,193.0,5026.0,4434.0,1.0,29.125544,10.0
369,1.0,-2.6,-0.28934816,0.0179,52.0,54.010868,0.0,94.0,4969.0,4434.0,1.0,28.934816,30.0
370,1.0,-2.6,-0.2879136,0.0179,52.0,53.641304,0.0,133.0,4935.0,4434.0,1.0,28.791359,10.0
371,1.0,-2.6,-0.36573303,0.0178,52.0,54.163044,0.0,247.0,4983.0,4434.0,1.0,36.573303,90.0
372,1.0,-2.6,-0.27015218,0.0177,52.0,54.326088,0.0,114.0,4998.0,4434.0,1.0,27.015219,50.0
373,1.0,-2.6,-0.3989541,0.0177,52.0,54.489132,0.0,101.0,5013.0,4434.0,1.0,39.89541,10.0
374,1.0,-2.6,-0.2718336,0.0177,52.0,54.880436,0.0,171.0,5049.0,4434.0,1.0,27.18336,30.0
375,1.0,-2.6,-0.3023045,0.018,52.0,54.097828,0.0,177.0,4977.0,4434.0,1.0,30.23045,90.0
376,1.0,-2.6,-0.3867999,0.0178,52.0,54.652172,0.0,203.0,5028.0,4436.0,1.0,38.67999,90.0
377,1.0,-2.6,-0.27241248,0.0179,52.0,53.967392,0.0,197.0,4965.0,4434.0,1.0,27.24125,90.0
378,1.0,-2.6,-0.27185836,0.0175,52.0,54.27174,0.0,205.0,4993.0,4436.0,1.0,27.185837,90.0
379,1.0,-2.6,-0.27248412,0.0176,52.0,53.608696,0.0,217.0,4932.0,4434.0,1.0,27.248413,70.0
380,1.0,-2.6,-0.2720071,0.0179,52.0,53.54348,0.0,217.0,4926.0,4434.0,1.0,27.200712,70.0
381,1.0,-2.6,-0.27585462,0.018,52.0,54.065216,0.0,264.0,4974.0,4434.0,1.0,27.585463,30.0
382,1.0,-2.6,-0.3036793,0.0181,52.0,53.684784,0.0,287.0,4939.0,4435.0,1.0,30.367928,10.0
383,1.0,-2.6,-0.29620418,0.0181,52.0,53.815216,0.0,245.0,4951.0,4434.0,1.0,29.620419,70.0
384,1.0,-2.6,-0.4026173,0.018,52.0,53.97826,0.0,277.0,4966.0,4434.0,1.0,40.26173,50.0
385,1.0,-2.6,-0.30602,0.0178,52.0,54.260868,0.0,238.0,4992.0,4435.0,1.0,30.602,10.0
386,1.0,-2.6,-0.40835,0.018,52.0,53.75,0.0,253.0,4945.0,4435.0,1.0,40.835,90.0
387,1.0,-2.6,-0.31369486,0.0179,52.0,53.97826,0.0,292.0,4966.0,4434.0,1.0,31.369488,10.0
388,1.0,-2.6,-0.45968387,0.0178,52.0,54.304348,0.0,279.0,4996.0,4434.0,1.0,45.968388,30.0
389,1.0,-2.6,-0.271433,0.0179,52.0,53.739132,0.0,244.0,4944.0,4434.0,1.0,27.1433,30.0
390,1.0,-2.6,-0.31070092,0.0179,52.0,54.597828,0.0,224.0,5023.0,4434.0,1.0,31.070091,10.0
391,1.0,-2.6,-0.28855124,0.0178,52.0,54.565216,0.0,249.0,5020.0,4435.0,1.0,28.855125,30.0
392,1.0,-2.6,-0.2715125,0.0176,52.0,53.391304,0.0,214.0,4912.0,4434.0,1.0,27.15125,10.0
393,1.0,-2.6,-0.27293244,0.018,52.0,54.195652,0.0,387.0,4986.0,4435.0,1.0,27.293243,30.0
394,1.0,-2.6,-0.3092097,0.0182,52.0,54.510868,0.0,311.0,5015.0,4435.0,1.0,30.920969,30.0
395,1.0,-2.6,-0.56105494,0.0178,52.0,54.22826,0.0,198.0,4989.0,4434.0,1.0,56.105495,10.0
396,1.0,-2.6,-0.27200478,0.0175,52.0,54.22826,0.0,199.0,4989.0,4434.0,1.0,27.200478,50.0
397,1.0,-2.6,-0.27364275,0.0179,52.0,53.923912,0.0,195.0,4961.0,4434.0,1.0,27.364275,30.0
398,1.0,-2.6,-0.27049538,0.0179,52.0,53.684784,0.0,193.0,4939.0,4434.0,1.0,27.049538,90.0
399,1.0,-2.6,-0.27049807,0.018,52.0,54.5,0.0,207.0,5014.0,4435.0,1.0,27.049807,30.0
400,1.0,-2.6,-0.28283986,0.0179,52.0,54.413044,0.0,194.0,5006.0,4434.0,1.0,28.283987,70.0
401,1.0,-2.6,-0.43766308,0.0178,52.0,56.076088,0.0,271.0,5159.0,4434.0,1.0,43.766308,30.0
402,1.0,-2.6,-0.31652007,0.0177,52.0,54.760868,0.0,232.0,5038.0,4434.0,1.0,31.652006,50.0
403,1.0,-2.6,-0.27813512,0.0178,52.0,53.45652,0.0,215.0,4918.0,4434.0,1.0,27.813513,50.0
404,1.0,-2.6,-0.30282107,0.0178,52.0,54.358696,0.0,239.0,5001.0,4434.0,1.0,30.282106,10.0
405,1.0,-2.6,-0.272012,0.0178,52.0,53.565216,0.0,193.0,4928.0,4434.0,1.0,27.2012,70.0
406,1.0,-2.6,-0.312456,0.0177,52.0,54.95652,0.0,191.0,5056.0,4434.0,1.0,31.2456,90.0
407,1.0,-2.6,-0.27265626,0.0178,52.0,54.347828,0.0,202.0,5000.0,4434.0,1.0,27.265625,70.0
408,1.0,-2.6,-0.27231908,0.0176,52.0,54.239132,0.0,198.0,4990.0,4434.0,1.0,27.231907,70.0
409,1.0,-2.6,-0.38423645,0.0179,52.0,54.630436,0.0,188.0,5026.0,4434.0,1.0,38.423645,70.0
410,1.0,-2.6,-0.2722582,0.0176,52.0,54.663044,0.0,203.0,5029.0,4434.0,1.0,27.225819,10.0
411,1.0,-2.6,-0.27209,0.0177,52.0,53.913044,0.0,245.0,4960.0,4434.0,1.0,27.209,90.0
412,1.0,-2.6,-0.27455324,0.0176,52.0,55.02174,0.0,229.0,5062.0,4435.0,1.0,27.455324,50.0
413,1.0,-2.6,-0.30557328,0.0177,52.0,55.619564,0.0,241.0,5117.0,4434.0,1.0,30.557327,70.0
414,1.0,-2.6,-0.27122465,0.0179,52.0,54.989132,0.0,213.0,5059.0,4434.0,1.0,27.122465,10.0
415,1.0,-2.6,-0.2773446,0.0177,52.0,55.347828,0.0,179.0,5092.0,4434.0,1.0,27.734463,10.0
416,1.0,-2.6,-0.27668723,0.0178,52.0,53.25,0.0,207.0,4899.0,4435.0,1.0,27.668722,10.0
417,1.0,-2.6,-0.26975122,0.0178,52.0,53.836956,0.0,219.0,4953.0,4434.0,1.0,26.975122,10.0
418,1.0,-2.6,-0.27046037,0.0177,52.0,54.304348,0.0,202.0,4996.0,4434.0,1.0,27.046038,70.0
419,1.0,-2.6,-0.30185258,0.0181,52.0,53.717392,0.0,177.0,4942.0,4434.0,1.0,30.185257,10.0
420,1.0,-2.6,-0.31216353,0.0178,52.0,54.815216,0.0,169.0,5043.0,4434.0,1.0,31.216352,30.0
421,1.0,-2.6,-0.431734,0.0177,52.0,54.902172,0.0,185.0,5051.0,4434.0,1.0,43.1734,70.0
422,1.0,-2.6,-0.3064405,0.0179,52.0,55.130436,0.0,224.0,5072.0,4434.0,1.0,30.64405,50.0
423,1.0,-2.6,-0.30532002,0.0178,52.0,56.097828,0.0,252.0,5161.0,4435.0,1.0,30.532003,90.0
424,1.0,-2.6,-0.31170547,0.0181,52.0,55.336956,0.0,251.0,5091.0,4435.0,1.0,31.170547,50.0
425,1.0,-2.6,-0.40432635,0.018,52.0,55.347828,0.0,120.0,5092.0,4434.0,1.0,40.432636,50.0
426,1.0,-2.6,-0.2720579,0.0178,52.0,55.184784,0.0,183.0,5077.0,4434.0,1.0,27.205788,70.0
427,1.0,-2.6,-0.3142294,0.0179,52.0,55.641304,0.0,158.0,5119.0,4434.0,1.0,31.422941,70.0
428,1.0,-2.6,-0.27290252,0.018,52.0,56.097828,0.0,227.0,5161.0,4434.0,1.0,27.29025,10.0
429,1.0,-2.6,-0.27352297,0.0179,52.0,55.336956,0.0,213.0,5091.0,4435.0,1.0,27.352297,50.0
430,1.0,-2.6,-0.276377,0.0176,52.0,53.739132,0.0,127.0,4944.0,4434.0,1.0,27.6377,70.0
431,1.0,-2.6,-0.3089825,0.0181,52.0,54.086956,0.0,128.0,4976.0,4434.0,1.0,30.89825,50.0
432,1.0,-2.6,-0.2714838,0.0179,52.0,54.717392,0.0,181.0,5034.0,4434.0,1.0,27.148382,70.0
433,1.0,-2.6,-0.2744009,0.0177,52.0,54.445652,0.0,271.0,5009.0,4434.0,1.0,27.440088,90.0
434,1.0,-2.6,-0.27124774,0.0179,52.0,54.336956,0.0,168.0,4999.0,4435.0,1.0,27.124775,90.0
435,1.0,-2.6,-0.27178448,0.0177,52.0,55.391304,0.0,204.0,5096.0,4434.0,1.0,27.17845,70.0
436,1.0,-2.6,-0.2750077,0.018,52.0,55.532608,0.0,155.0,5109.0,4434.0,1.0,27.500769,50.0
437,1.0,-2.6,-0.31187177,0.0181,52.0,55.858696,0.0,157.0,5139.0,4434.0,1.0,31.187178,30.0
438,1.0,-2.6,-0.36856997,0.0179,52.0,57.217392,0.0,129.0,5264.0,4434.0,1.0,36.857,50.0
439,1.0,-2.6,-0.34164283,0.0176,52.0,56.010868,0.0,139.0,5153.0,4434.0,1.0,34.164284,90.0
440,1.0,-2.6,-0.30862486,0.0178,52.0,56.565216,0.0,181.0,5204.0,4434.0,1.0,30.862488,70.0
441,1.0,-2.6,-0.58818686,0.0178,52.0,56.510868,0.0,206.0,5199.0,4435.0,1.0,58.818687,50.0
442,1.0,-2.6,-0.32198918,0.0178,52.0,55.858696,0.0,184.0,5139.0,4435.0,1.0,32.198917,70.0
443,1.0,-2.6,-0.40509263,0.018,52.0,54.5,0.0,201.0,5014.0,4435.0,1.0,40.509262,10.0
444,1.0,-2.6,-0.27560958,0.0179,52.0,55.402172,0.0,81.0,5097.0,4435.0,1.0,27.560957,70.0
445,1.0,-2.6,-0.3182645,0.018,52.0,56.608696,0.0,95.0,5208.0,4434.0,1.0,31.82645,50.0
446,1.0,-2.6,-0.27473915,0.0179,52.0,56.336956,0.0,191.0,5183.0,4434.0,1.0,27.473915,70.0
447,1.0,-2.6,-0.27143407,0.018,52.0,56.815216,0.0,106.0,5227.0,4434.0,1.0,27.143406,10.0
448,1.0,-2.6,-0.2712328,0.0181,52.0,55.815216,0.0,201.0,5135.0,4434.0,1.0,27.123281,30.0
449,1.0,-2.6,-0.30965412,0.0175,52.0,57.0,0.0,116.0,5244.0,4435.0,1.0,30.965412,90.0
450,1.0,-2.6,-0.2739798,0.0177,52.0,55.891304,0.0,186.0,5142.0,4434.0,1.0,27.397982,30.0
451,1.0,-2.6,-0.27330333,0.0177,52.0,55.75,0.0,219.0,5129.0,4434.0,1.0,27.330334,90.0
452,1.0,-2.6,-0.270342,0.0177,52.0,56.20652,0.0,254.0,5171.0,4434.0,1.0,27.0342,90.0
453,1.0,-2.6,-0.26996458,0.018,52.0,55.902172,0.0,225.0,5143.0,4434.0,1.0,26.996456,90.0
454,1.0,-2.6,-0.27083305,0.0179,52.0,56.239132,0.0,259.0,5174.0,4434.0,1.0,27.083305,70.0
455,1.0,-2.6,-0.30843124,0.018,52.0,56.152172,0.0,274.0,5166.0,4434.0,1.0,30.843124,30.0
456,1.0,-2.6,-0.32871938,0.0179,52.0,55.586956,0.0,229.0,5114.0,4434.0,1.0,32.871937,70.0
457,1.0,-2.6,-0.56228185,0.018,52.0,55.630436,0.0,162.0,5118.0,4435.0,1.0,56.228188,30.0
458,1.0,-2.6,-0.30634987,0.0179,52.0,56.369564,0.0,281.0,5186.0,4434.0,1.0,30.634987,70.0
459,1.0,-2.6,-0.28201073,0.0179,52.0,56.29348,0.0,254.0,5179.0,4435.0,1.0,28.201075,70.0
460,1.0,-2.6,-0.31095502,0.018,52.0,56.086956,0.0,308.0,5160.0,4435.0,1.0,31.0955,90.0
461,1.0,-2.6,-0.27438462,0.0179,52.0,56.217392,0.0,150.0,5172.0,4434.0,1.0,27.438463,50.0
462,1.0,-2.6,-0.2737567,0.0178,52.0,56.29348,0.0,198.0,5179.0,4436.0,1.0,27.375671,30.0
463,1.0,-2.6,-0.312731,0.018,52.0,56.608696,0.0,193.0,5208.0,4434.0,1.0,31.2731,30.0
464,1.0,-2.6,-0.2768545,0.0177,52.0,56.369564,0.0,153.0,5186.0,4434.0,1.0,27.68545,50.0
465,1.0,-2.6,-0.27184,0.0177,52.0,55.652172,0.0,132.0,5120.0,4434.0,1.0,27.184,10.0
466,1.0,-2.6,-0.27219325,0.0179,52.0,55.804348,0.0,164.0,5134.0,4434.0,1.0,27.219324,70.0
467,1.0,-2.6,-0.31552374,0.018,52.0,56.141304,0.0,292.0,5165.0,4434.0,1.0,31.552376,70.0
468,1.0,-2.6,-0.27235812,0.0179,52.0,55.108696,0.0,180.0,5070.0,4435.0,1.0,27.235813,50.0
469,1.0,-2.6,-0.27174288,0.0176,52.0,55.195652,0.0,257.0,5078.0,4435.0,1.0,27.174288,70.0
470,1.0,-2.6,-0.26946214,0.0175,52.0,55.782608,0.0,228.0,5132.0,4435.0,1.0,26.946213,90.0
471,1.0,-2.6,-0.27009967,0.0176,52.0,55.760868,0.0,293.0,5130.0,4435.0,1.0,27.009968,90.0
472,1.0,-2.6,-0.2700905,0.0175,52.0,56.608696,0.0,248.0,5208.0,4435.0,1.0,27.00905,70.0
473,1.0,-2.6,-0.30897444,0.0178,52.0,57.163044,0.0,223.0,5259.0,4435.0,1.0,30.897444,50.0
474,1.0,-2.6,-0.31607226,0.0178,52.0,55.565216,0.0,154.0,5112.0,4435.0,1.0,31.607225,70.0
475,1.0,-2.6,-0.626265,0.0177,52.0,57.282608,0.0,202.0,5270.0,4436.0,1.0,62.6265,90.0
476,1.0,-2.6,-0.30827576,0.0175,52.0,56.72826,0.0,180.0,5219.0,4436.0,1.0,30.827576,50.0
477,1.0,-2.6,-0.27192032,0.0178,52.0,55.282608,0.0,199.0,5086.0,4436.0,1.0,27.192032,50.0
478,1.0,-2.6,-0.31057638,0.0179,52.0,56.565216,0.0,270.0,5204.0,4437.0,1.0,31.057638,10.0
479,1.0,-2.6,-0.27207926,0.0178,52.0,55.282608,0.0,193.0,5086.0,4436.0,1.0,27.207926,10.0
480,1.0,-2.6,-0.2726825,0.0177,52.0,55.141304,0.0,203.0,5073.0,4436.0,1.0,27.26825,30.0
481,1.0,-2.6,-0.3184315,0.0179,52.0,55.22826,0.0,315.0,5081.0,4437.0,1.0,31.84315,30.0
482,1.0,-2.6,-0.27176797,0.0178,52.0,54.576088,0.0,905.0,5021.0,4436.0,1.0,27.176796,10.0
483,1.0,-2.6,-0.27200478,0.0179,52.0,54.22826,0.0,219.0,4989.0,4437.0,1.0,27.200478,30.0
484,1.0,-2.6,-0.2748942,0.0177,52.0,54.532608,0.0,195.0,5017.0,4436.0,1.0,27.489422,50.0
485,1.0,-2.6,-0.4460945,0.018,52.0,55.608696,0.0,205.0,5116.0,4436.0,1.0,44.60945,70.0
486,1.0,-2.6,-0.27666926,0.0176,52.0,55.75,0.0,200.0,5129.0,4436.0,1.0,27.666925,90.0
487,1.0,-2.6,-0.27622187,0.0175,52.0,56.423912,0.0,144.0,5191.0,4436.0,1.0,27.622187,70.0
488,1.0,-2.6,-0.27610633,0.0178,52.0,55.467392,0.0,90.0,5103.0,4436.0,1.0,27.610634,50.0
489,1.0,-2.6,-0.27674422,0.0176,52.0,55.467392,0.0,159.0,5103.0,4436.0,1.0,27.674421,50.0
490,1.0,-2.6,-0.33068874,0.0179,52.0,55.880436,0.0,187.0,5141.0,4437.0,1.0,33.068874,50.0
491,1.0,-2.6,-0.448478,0.0181,52.0,55.369564,0.0,221.0,5094.0,4436.0,1.0,44.8478,50.0
492,1.0,-2.6,-0.3247068,0.018,52.0,54.760868,0.0,173.0,5038.0,4437.0,1.0,32.47068,10.0
493,1.0,-2.6,-0.28211057,0.0179,52.0,54.54348,0.0,140.0,5018.0,4436.0,1.0,28.211056,50.0
494,1.0,-2.6,-0.3542889,0.0179,52.0,55.119564,0.0,149.0,5071.0,4436.0,1.0,35.42889,30.0
495,1.0,-2.6,-0.27272025,0.0177,52.0,53.95652,0.0,190.0,4964.0,4436.0,1.0,27.272024,70.0
496,1.0,-2.6,-0.3636426,0.0178,52.0,55.804348,0.0,184.0,5134.0,4436.0,1.0,36.36426,30.0
497,1.0,-2.6,-0.27433476,0.0179,52.0,54.195652,0.0,129.0,4986.0,4437.0,1.0,27.433475,30.0
498,1.0,-2.6,-0.3089339,0.0177,52.0,54.72826,0.0,73.0,5035.0,4436.0,1.0,30.89339,30.0
499,1.0,-2.6,-0.27360144,0.018,52.0,55.010868,0.0,60.0,5061.0,4436.0,1.0,27.360144,70.0
500,1.0,-2.6,-0.27439222,0.0177,52.0,55.010868,0.0,53.0,5061.0,4436.0,1.0,27.439222,10.0
501,1.0,-2.6,-0.27088043,0.0178,52.0,54.847828,0.0,85.0,5046.0,4436.0,1.0,27.088043,90.0
502,1.0,-2.6,-0.30325907,0.0179,52.0,55.72826,0.0,63.0,5127.0,4436.0,1.0,30.325907,10.0
503,1.0,-2.6,-0.27222857,0.0171,52.0,55.239132,0.0,48.0,5082.0,4436.0,1.0,27.222857,50.0
504,1.0,-2.6,-0.271232,0.0178,52.0,54.260868,0.0,55.0,4992.0,4436.0,1.0,27.1232,10.0
505,1.0,-2.6,-0.2721275,0.0177,52.0,54.782608,0.0,54.0,5040.0,4436.0,1.0,27.21275,70.0
506,1.0,-2.6,-0.272027,0.0177,52.0,55.04348,0.0,68.0,5064.0,4437.0,1.0,27.2027,70.0
507,1.0,-2.6,-0.27220944,0.0178,52.0,54.445652,0.0,82.0,5009.0,4436.0,1.0,27.220943,30.0
508,1.0,-2.6,-0.31537658,0.0178,52.0,55.032608,0.0,68.0,5063.0,4436.0,1.0,31.537657,10.0
509,1.0,-2.6,-0.29703873,0.0178,52.0,54.130436,0.0,67.0,4980.0,4436.0,1.0,29.703875,50.0
510,1.0,-2.6,-0.3820133,0.0178,52.0,54.619564,0.0,63.0,5025.0,4436.0,1.0,38.20133,10.0
511,1.0,-2.6,-0.31012475,0.0179,52.0,54.826088,0.0,77.0,5044.0,4437.0,1.0,31.012474,50.0
512,1.0,-2.6,-0.27568656,0.0182,52.0,54.02174,0.0,69.0,4970.0,4436.0,1.0,27.568657,30.0
513,1.0,-2.6,-0.32142222,0.0182,52.0,55.347828,0.0,74.0,5092.0,4436.0,1.0,32.142223,70.0
514,1.0,-2.6,-0.27648827,0.018,52.0,54.619564,0.0,70.0,5025.0,4436.0,1.0,27.648829,30.0
515,1.0,-2.6,-0.2741722,0.0179,52.0,54.77174,0.0,96.0,5039.0,4436.0,1.0,27.41722,30.0
516,1.0,-2.6,-0.4143421,0.018,52.0,55.173912,0.0,62.0,5076.0,4437.0,1.0,41.43421,50.0
517,1.0,-2.6,-0.27677894,0.0177,52.0,54.54348,0.0,117.0,5018.0,4437.0,1.0,27.677895,70.0
518,1.0,-2.6,-0.27483186,0.0177,52.0,54.304348,0.0,131.0,4996.0,4436.0,1.0,27.483187,10.0
519,1.0,-2.6,-0.2758125,0.018,52.0,55.0,0.0,94.0,5060.0,4436.0,1.0,27.58125,10.0
520,1.0,-2.6,-0.35581627,0.0181,52.0,54.45652,0.0,77.0,5010.0,4436.0,1.0,35.581627,10.0
521,1.0,-2.6,-0.27366716,0.0175,52.0,54.641304,0.0,137.0,5027.0,4436.0,1.0,27.366716,50.0
522,1.0,-2.6,-0.27297914,0.0177,52.0,54.391304,0.0,66.0,5004.0,4437.0,1.0,27.297913,50.0
523,1.0,-2.6,-0.27415335,0.0175,52.0,54.097828,0.0,57.0,4977.0,4437.0,1.0,27.415335,90.0
524,1.0,-2.6,-0.27419674,0.0176,52.0,53.673912,0.0,74.0,4938.0,4436.0,1.0,27.419676,30.0
525,1.0,-2.6,-0.27229476,0.0175,52.0,54.826088,0.0,71.0,5044.0,4436.0,1.0,27.229475,50.0
526,1.0,-2.6,-0.36114365,0.0178,52.0,55.22826,0.0,58.0,5081.0,4437.0,1.0,36.114365,70.0
527,1.0,-2.6,-0.31055,0.018,52.0,54.945652,0.0,63.0,5055.0,4436.0,1.0,31.055,50.0
528,1.0,-2.6,-0.27181327,0.018,52.0,54.065216,0.0,50.0,4974.0,4436.0,1.0,27.181326,50.0
529,1.0,-2.6,-0.3599349,0.018,52.0,54.913044,0.0,55.0,5052.0,4436.0,1.0,35.99349,90.0
530,1.0,-2.6,-0.294972,0.0181,52.0,54.304348,0.0,66.0,4996.0,4439.0,1.0,29.4972,10.0
531,1.0,-2.6,-0.38996592,0.018,52.0,54.72826,0.0,143.0,5035.0,4436.0,1.0,38.996593,10.0
532,1.0,-2.6,-0.27035788,0.0179,52.0,54.586956,0.0,111.0,5022.0,4436.0,1.0,27.035788,10.0
533,1.0,-2.6,-0.27671975,0.0177,52.0,53.847828,0.0,82.0,4954.0,4436.0,1.0,27.671974,90.0
534,1.0,-2.6,-0.27622578,0.0177,52.0,53.75,0.0,120.0,4945.0,4436.0,1.0,27.622578,30.0
535,1.0,-2.6,-0.2829357,0.0175,52.0,54.641304,0.0,80.0,5027.0,4436.0,1.0,28.29357,50.0
536,1.0,-2.6,-0.2703473,0.0179,52.0,53.717392,0.0,151.0,4942.0,4436.0,1.0,27.03473,50.0
537,1.0,-2.6,-0.27418238,0.0177,52.0,53.619564,0.0,166.0,4933.0,4438.0,1.0,27.418238,70.0
538,1.0,-2.6,-0.27085218,0.0176,52.0,53.923912,0.0,103.0,4961.0,4436.0,1.0,27.085218,70.0
539,1.0,-2.6,-0.30879593,0.0177,52.0,54.75,0.0,77.0,5037.0,4437.0,1.0,30.879593,70.0
540,1.0,-2.6,-0.27300766,0.0178,52.0,54.510868,0.0,114.0,5015.0,4436.0,1.0,27.300766,50.0
541,1.0,-2.6,-0.27375415,0.0176,52.0,54.989132,0.0,326.0,5059.0,4436.0,1.0,27.375416,50.0
542,1.0,-2.6,-0.2809355,0.0178,52.0,53.54348,0.0,724.0,4926.0,4436.0,1.0,28.09355,70.0
543,1.0,-2.6,-0.273795,0.0175,52.0,53.913044,0.0,214.0,4960.0,4436.0,1.0,27.3795,10.0
544,1.0,-2.6,-0.2736235,0.0176,52.0,53.847828,0.0,180.0,4954.0,4436.0,1.0,27.36235,50.0
545,1.0,-2.6,-0.30517787,0.0179,52.0,53.815216,0.0,150.0,4951.0,4436.0,1.0,30.517788,10.0
546,1.0,-2.6,-0.3133813,0.0179,52.0,53.663044,0.0,118.0,4937.0,4436.0,1.0,31.33813,30.0
547,1.0,-2.6,-0.27580333,0.018,52.0,54.423912,0.0,155.0,5007.0,4436.0,1.0,27.580334,10.0
548,1.0,-2.6,-0.31770423,0.0177,52.0,54.989132,0.0,146.0,5059.0,4436.0,1.0,31.770422,50.0
549,1.0,-2.6,-0.2729255,0.0178,52.0,53.52174,0.0,161.0,4924.0,4436.0,1.0,27.29255,70.0
550,1.0,-2.6,-0.30594435,0.0178,52.0,54.72826,0.0,78.0,5035.0,4436.0,1.0,30.594437,30.0
551,1.0,-2.6,-0.27324405,0.0179,52.0,54.195652,0.0,107.0,4986.0,4436.0,1.0,27.324406,10.0
552,1.0,-2.6,-0.3199754,0.0176,52.0,54.467392,0.0,79.0,5011.0,4436.0,1.0,31.997541,70.0
553,1.0,-2.6,-0.5269085,0.0179,52.0,55.29348,0.0,130.0,5087.0,4436.0,1.0,52.690853,10.0
554,1.0,-2.6,-0.2726107,0.0178,52.0,54.152172,0.0,103.0,4982.0,4436.0,1.0,27.261068,50.0
555,1.0,-2.6,-0.27020702,0.0177,52.0,54.619564,0.0,94.0,5025.0,4437.0,1.0,27.020702,10.0
556,1.0,-2.6,-0.30080172,0.018,52.0,53.554348,0.0,149.0,4927.0,4436.0,1.0,30.080172,10.0
557,1.0,-2.6,-0.2725778,0.0177,52.0,54.010868,0.0,163.0,4969.0,4436.0,1.0,27.257778,30.0
558,1.0,-2.6,-0.27018464,0.0177,52.0,53.673912,0.0,219.0,4938.0,4436.0,1.0,27.018463,50.0
559,1.0,-2.6,-0.27190825,0.0178,52.0,54.5,0.0,184.0,5014.0,4436.0,1.0,27.190825,50.0
560,1.0,-2.6,-0.27117124,0.0179,52.0,53.967392,0.0,246.0,4965.0,4436.0,1.0,27.117125,50.0
561,1.0,-2.6,-0.2703892,0.0181,52.0,53.934784,0.0,266.0,4962.0,4436.0,1.0,27.03892,10.0
562,1.0,-2.6,-0.30877656,0.018,52.0,54.72826,0.0,168.0,5035.0,4436.0,1.0,30.877657,10.0
563,1.0,-2.6,-0.2917124,0.0181,52.0,54.336956,0.0,179.0,4999.0,4437.0,1.0,29.17124,90.0
564,1.0,-2.6,-0.36488286,0.0181,52.0,54.20652,0.0,205.0,4987.0,4436.0,1.0,36.488285,70.0
565,1.0,-2.6,-0.30784672,0.0181,52.0,53.858696,0.0,198.0,4955.0,4436.0,1.0,30.784672,70.0
566,1.0,-2.6,-0.27280226,0.018,52.0,54.304348,0.0,132.0,4996.0,4436.0,1.0,27.280226,10.0
567,1.0,-2.6,-0.32352,0.0178,52.0,55.652172,0.0,88.0,5120.0,4436.0,1.0,32.352,10.0
568,1.0,-2.6,-0.27512413,0.0179,52.0,56.565216,0.0,135.0,5204.0,4436.0,1.0,27.512413,10.0
569,1.0,-2.6,-0.30826333,0.0179,52.0,53.97826,0.0,163.0,4966.0,4436.0,1.0,30.826332,90.0
570,1.0,-2.6,-0.2816362,0.0178,52.0,54.141304,0.0,127.0,4981.0,4436.0,1.0,28.163622,90.0
571,1.0,-2.6,-0.2724816,0.0179,52.0,53.597828,0.0,171.0,4931.0,4436.0,1.0,27.24816,10.0
572,1.0,-2.6,-0.2736455,0.0176,52.0,53.934784,0.0,162.0,4962.0,4437.0,1.0,27.36455,90.0
573,1.0,-2.6,-0.30824697,0.0179,52.0,54.663044,0.0,173.0,5029.0,4437.0,1.0,30.824697,90.0
574,1.0,-2.6,-0.274467,0.0179,52.0,54.695652,0.0,151.0,5032.0,4436.0,1.0,27.4467,90.0
575,1.0,-2.6,-0.2766486,0.0176,52.0,54.630436,0.0,211.0,5026.0,4436.0,1.0,27.664862,70.0
576,1.0,-2.6,-0.27329823,0.0177,52.0,55.065216,0.0,169.0,5066.0,4437.0,1.0,27.329824,50.0
577,1.0,-2.6,-0.27213472,0.0176,52.0,54.815216,0.0,104.0,5043.0,4436.0,1.0,27.213472,90.0
578,1.0,-2.6,-0.2714345,0.0177,52.0,55.239132,0.0,129.0,5082.0,4436.0,1.0,27.14345,10.0
579,1.0,-2.6,-0.31453812,0.0179,52.0,55.79348,0.0,84.0,5133.0,4437.0,1.0,31.453812,50.0
580,1.0,-2.6,-0.2744946,0.0179,52.0,55.402172,0.0,215.0,5097.0,4436.0,1.0,27.44946,90.0
581,1.0,-2.6,-0.46225524,0.0182,52.0,56.010868,0.0,209.0,5153.0,4436.0,1.0,46.225525,90.0
582,1.0,-2.6,-0.30997783,0.0179,52.0,56.076088,0.0,211.0,5159.0,4436.0,1.0,30.997782,70.0
583,1.0,-2.6,-0.2816567,0.0179,52.0,53.423912,0.0,206.0,4915.0,4437.0,1.0,28.165672,70.0
584,1.0,-2.6,-0.30700305,0.0182,52.0,54.315216,0.0,201.0,4997.0,4436.0,1.0,30.700304,70.0
585,1.0,-2.6,-0.27143818,0.0179,52.0,54.5,0.0,226.0,5014.0,4436.0,1.0,27.143818,70.0
586,1.0,-2.6,-0.3060275,0.018,52.0,56.173912,0.0,308.0,5168.0,4438.0,1.0,30.60275,30.0
587,1.0,-2.6,-0.27302322,0.018,52.0,54.576088,0.0,247.0,5021.0,4436.0,1.0,27.302322,70.0
588,1.0,-2.6,-0.27205312,0.0178,52.0,55.163044,0.0,247.0,5075.0,4436.0,1.0,27.205313,70.0
589,1.0,-2.6,-0.27291697,0.0176,52.0,55.467392,0.0,134.0,5103.0,4436.0,1.0,27.291697,70.0
590,1.0,-2.6,-0.30798015,0.0179,52.0,55.815216,0.0,127.0,5135.0,4436.0,1.0,30.798016,30.0
591,1.0,-2.6,-0.27136666,0.0181,52.0,55.684784,0.0,183.0,5123.0,4437.0,1.0,27.136665,90.0
592,1.0,-2.6,-0.27159426,0.0176,52.0,56.010868,0.0,139.0,5153.0,4436.0,1.0,27.159426,30.0
593,1.0,-2.6,-0.2777091,0.0179,52.0,56.510868,0.0,172.0,5199.0,4436.0,1.0,27.77091,90.0
594,1.0,-2.6,-0.27136,0.0179,52.0,55.652172,0.0,175.0,5120.0,4436.0,1.0,27.136,90.0
595,1.0,-2.6,-0.27143544,0.0179,52.0,56.02174,0.0,231.0,5154.0,4436.0,1.0,27.143543,90.0
596,1.0,-2.6,-0.31406048,0.0181,52.0,56.467392,0.0,160.0,5195.0,4436.0,1.0,31.406048,50.0
597,1.0,-2.6,-0.3228553,0.018,52.0,55.489132,0.0,233.0,5105.0,4436.0,1.0,32.28553,50.0
598,1.0,-2.6,-0.41348025,0.0177,52.0,56.076088,0.0,197.0,5159.0,4436.0,1.0,41.348026,50.0
599,1.0,-2.6,-0.2788057,0.0179,52.0,54.967392,0.0,159.0,5057.0,4436.0,1.0,27.880571,90.0
600,1.0,-2.6,-0.2788206,0.0179,52.0,55.010868,0.0,84.0,5061.0,4436.0,1.0,27.88206,30.0
601,1.0,-2.6,-0.2825531,0.018,52.0,56.032608,0.0,377.0,5155.0,4437.0,1.0,28.255312,50.0
602,1.0,-2.6,-0.28118515,0.0182,52.0,56.25,0.0,711.0,5175.0,4436.0,1.0,28.118515,30.0
603,1.0,-2.6,-0.2838186,0.0182,52.0,56.358696,0.0,74.0,5185.0,4436.0,1.0,28.381859,90.0
604,1.0,-2.6,-0.2788355,0.0178,52.0,56.47826,0.0,96.0,5196.0,4437.0,1.0,27.88355,50.0
605,1.0,-2.6,-0.282715,0.0183,52.0,56.434784,0.0,112.0,5192.0,4436.0,1.0,28.2715,50.0
606,1.0,-2.6,-0.31618026,0.0177,52.0,56.152172,0.0,118.0,5166.0,4436.0,1.0,31.618025,50.0
607,1.0,-2.6,-0.45738074,0.0176,52.0,57.02174,0.0,140.0,5246.0,4436.0,1.0,45.738075,70.0
608,1.0,-2.6,-0.30738613,0.0179,52.0,56.445652,0.0,132.0,5193.0,4437.0,1.0,30.738613,50.0
609,1.0,-2.6,-0.27394176,0.0177,52.0,55.739132,0.0,133.0,5128.0,4437.0,1.0,27.394175,90.0
610,1.0,-2.6,-0.2731892,0.0179,52.0,55.945652,0.0,191.0,5147.0,4436.0,1.0,27.318918,90.0
611,1.0,-2.6,-0.2707472,0.0177,52.0,55.79348,0.0,251.0,5133.0,4436.0,1.0,27.074722,90.0
612,1.0,-2.6,-0.27091187,0.0177,52.0,55.815216,0.0,222.0,5135.0,4436.0,1.0,27.091188,30.0
613,1.0,-2.6,-0.27032,0.0177,52.0,56.086956,0.0,227.0,5160.0,4436.0,1.0,27.032,10.0
614,1.0,-2.6,-0.30954272,0.0176,52.0,57.25,0.0,174.0,5267.0,4436.0,1.0,30.954271,30.0
615,1.0,-2.6,-0.30862057,0.0182,52.0,56.75,0.0,184.0,5221.0,4437.0,1.0,30.862057,10.0
616,1.0,-2.6,-0.28065202,0.0177,52.0,56.119564,0.0,203.0,5163.0,4436.0,1.0,28.0652,10.0
617,1.0,-2.6,-0.48661214,0.0178,52.0,56.54348,0.0,180.0,5202.0,4436.0,1.0,48.661213,70.0
618,1.0,-2.6,-0.30990562,0.0178,52.0,56.358696,0.0,210.0,5185.0,4436.0,1.0,30.990562,90.0
619,1.0,-2.6,-0.27261162,0.0178,52.0,56.239132,0.0,220.0,5174.0,4436.0,1.0,27.261162,50.0
620,1.0,-2.6,-0.27053112,0.0178,52.0,55.5,0.0,82.0,5106.0,4436.0,1.0,27.053112,70.0
621,1.0,-2.6,-0.3035961,0.0176,52.0,56.79348,0.0,108.0,5225.0,4436.0,1.0,30.35961,90.0
622,1.0,-2.6,-0.2716055,0.0179,52.0,56.065216,0.0,98.0,5158.0,4436.0,1.0,27.16055,10.0
623,1.0,-2.6,-0.27205625,0.0179,52.0,55.913044,0.0,120.0,5144.0,4436.0,1.0,27.205626,30.0
624,1.0,-2.6,-0.27145252,0.0179,52.0,55.326088,0.0,191.0,5090.0,4436.0,1.0,27.14525,30.0
625,1.0,-2.6,-0.6344496,0.0178,52.0,56.652172,0.0,101.0,5212.0,4436.0,1.0,63.44496,30.0
626,1.0,-2.6,-0.28192857,0.0177,52.0,55.673912,0.0,162.0,5122.0,4436.0,1.0,28.192856,10.0
627,1.0,-2.6,-0.2724532,0.0178,52.0,55.532608,0.0,115.0,5109.0,4437.0,1.0,27.24532,50.0
628,1.0,-2.6,-0.27889475,0.0178,52.0,55.695652,0.0,184.0,5124.0,4436.0,1.0,27.889475,70.0
629,1.0,-2.6,-0.27288407,0.0179,52.0,55.326088,0.0,136.0,5090.0,4436.0,1.0,27.288406,90.0
630,1.0,-2.6,-0.30654782,0.0181,52.0,56.413044,0.0,115.0,5190.0,4436.0,1.0,30.654781,50.0
631,1.0,-2.6,-0.27700967,0.0177,52.0,55.29348,0.0,252.0,5087.0,4436.0,1.0,27.700966,10.0
632,1.0,-2.6,-0.42178684,0.0177,52.0,55.77174,0.0,246.0,5131.0,4436.0,1.0,42.178684,10.0
633,1.0,-2.6,-0.33419654,0.0181,52.0,55.5,0.0,269.0,5106.0,4437.0,1.0,33.419655,50.0
634,1.0,-2.6,-0.27745563,0.018,52.0,55.195652,0.0,210.0,5078.0,4437.0,1.0,27.745562,50.0
635,1.0,-2.6,-0.30828533,0.0181,52.0,55.065216,0.0,187.0,5066.0,4436.0,1.0,30.828531,30.0
636,1.0,-2.6,-0.27607775,0.0177,52.0,54.826088,0.0,273.0,5044.0,4436.0,1.0,27.607775,10.0
637,1.0,-2.6,-0.30902138,0.0177,52.0,54.826088,0.0,190.0,5044.0,4437.0,1.0,30.902138,30.0
638,1.0,-2.6,-0.27591875,0.0178,52.0,55.369564,0.0,270.0,5094.0,4437.0,1.0,27.591875,10.0
639,1.0,-2.6,-0.27006623,0.0177,52.0,55.576088,0.0,261.0,5113.0,4436.0,1.0,27.006622,70.0
640,1.0,-2.6,-0.27063012,0.018,52.0,56.02174,0.0,236.0,5154.0,4436.0,1.0,27.063013,30.0
641,1.0,-2.6,-0.27141103,0.0181,52.0,55.902172,0.0,344.0,5143.0,4436.0,1.0,27.141104,90.0
642,1.0,-2.6,-0.27189782,0.0181,52.0,55.923912,0.0,146.0,5145.0,4436.0,1.0,27.189781,70.0
643,1.0,-2.6,-0.3234463,0.0179,52.0,56.010868,0.0,308.0,5153.0,4436.0,1.0,32.34463,10.0
644,1.0,-2.6,-0.311842,0.0178,52.0,56.0,0.0,284.0,5152.0,4436.0,1.0,31.1842,10.0
645,1.0,-2.6,-0.28086427,0.0181,52.0,54.97826,0.0,310.0,5058.0,4438.0,1.0,28.086426,10.0
646,1.0,-2.6,-0.34061188,0.018,52.0,54.97826,0.0,224.0,5058.0,4436.0,1.0,34.061188,30.0
647,1.0,-2.6,-0.31973094,0.0178,52.0,55.108696,0.0,344.0,5070.0,4436.0,1.0,31.973093,10.0
648,1.0,-2.6,-0.31784075,0.018,52.0,54.52174,0.0,281.0,5016.0,4436.0,1.0,31.784075,90.0
649,1.0,-2.6,-0.27067605,0.0177,52.0,55.423912,0.0,256.0,5099.0,4436.0,1.0,27.067604,90.0
650,1.0,-2.6,-0.326092,0.0181,52.0,55.260868,0.0,225.0,5084.0,4436.0,1.0,32.6092,10.0
651,1.0,-2.6,-0.27115366,0.0176,52.0,54.641304,0.0,181.0,5027.0,4437.0,1.0,27.115366,70.0
652,1.0,-2.6,-0.27031043,0.0178,52.0,54.336956,0.0,217.0,4999.0,4436.0,1.0,27.031044,70.0
653,1.0,-2.6,-0.31792787,0.0178,52.0,56.597828,0.0,106.0,5207.0,4437.0,1.0,31.792788,10.0
654,1.0,-2.6,-0.2743494,0.018,52.0,55.45652,0.0,200.0,5102.0,4438.0,1.0,27.434938,30.0
655,1.0,-2.6,-0.27562305,0.0183,52.0,56.02174,0.0,200.0,5154.0,4436.0,1.0,27.562305,30.0
656,1.0,-2.6,-0.2740085,0.0181,52.0,55.369564,0.0,200.0,5094.0,4437.0,1.0,27.40085,50.0
657,1.0,-2.6,-0.2826966,0.0181,52.0,55.989132,0.0,182.0,5151.0,4436.0,1.0,28.269659,10.0
658,1.0,-2.6,-0.275123,0.018,52.0,54.79348,0.0,189.0,5041.0,4437.0,1.0,27.5123,50.0
659,1.0,-2.6,-0.312878,0.018,52.0,54.739132,0.0,173.0,5036.0,4436.0,1.0,31.2878,10.0
660,1.0,-2.6,-0.31869915,0.0179,52.0,55.032608,0.0,155.0,5063.0,4436.0,1.0,31.869915,30.0
661,1.0,-2.6,-0.347806,0.0179,52.0,55.22826,0.0,220.0,5081.0,4436.0,1.0,34.7806,70.0
662,1.0,-2.6,-0.31382462,0.0178,52.0,54.108696,0.0,185.0,4978.0,4437.0,1.0,31.382462,90.0
663,1.0,-2.6,-0.272669,0.0179,52.0,53.739132,0.0,182.0,4944.0,4437.0,1.0,27.2669,30.0
664,1.0,-2.6,-0.40751812,0.018,52.0,55.054348,0.0,177.0,5065.0,4437.0,1.0,40.751812,70.0
665,1.0,-2.6,-0.27387288,0.0177,52.0,54.217392,0.0,188.0,4988.0,4437.0,1.0,27.387287,10.0
666,1.0,-2.6,-0.31410825,0.0176,52.0,54.869564,0.0,228.0,5048.0,4436.0,1.0,31.410826,50.0
667,1.0,-2.6,-0.27090847,0.0177,52.0,54.989132,0.0,232.0,5059.0,4436.0,1.0,27.090847,90.0
668,1.0,-2.6,-0.27065718,0.0176,52.0,55.326088,0.0,108.0,5090.0,4437.0,1.0,27.06572,10.0
669,1.0,-2.6,-0.28721902,0.0179,52.0,55.04348,0.0,248.0,5064.0,4438.0,1.0,28.7219,10.0
670,1.0,-2.6,-0.40720505,0.0177,52.0,55.29348,0.0,161.0,5087.0,4437.0,1.0,40.720505,70.0
671,1.0,-2.6,-0.27093095,0.0177,52.0,54.315216,0.0,188.0,4997.0,4436.0,1.0,27.093094,10.0
672,1.0,-2.6,-0.27129275,0.0176,52.0,54.554348,0.0,102.0,5019.0,4436.0,1.0,27.129274,70.0
673,1.0,-2.6,-0.27146327,0.0176,52.0,54.619564,0.0,149.0,5025.0,4436.0,1.0,27.146328,90.0
674,1.0,-2.6,-0.2712095,0.0179,52.0,54.152172,0.0,252.0,4982.0,4437.0,1.0,27.12095,90.0
675,1.0,-2.6,-0.31105024,0.0179,52.0,54.804348,0.0,243.0,5042.0,4437.0,1.0,31.105024,90.0
676,1.0,-2.6,-0.33320224,0.0178,52.0,54.52174,0.0,180.0,5016.0,4436.0,1.0,33.320225,90.0
677,1.0,-2.6,-0.30805656,0.0179,52.0,54.804348,0.0,232.0,5042.0,4436.0,1.0,30.805656,90.0
678,1.0,-2.6,-0.3035669,0.0178,52.0,54.70652,0.0,306.0,5033.0,4436.0,1.0,30.356691,90.0
679,1.0,-2.6,-0.2722055,0.0181,52.0,53.739132,0.0,164.0,4944.0,4436.0,1.0,27.22055,90.0
680,1.0,-2.6,-0.31217694,0.0179,52.0,54.5,0.0,269.0,5014.0,4436.0,1.0,31.217693,50.0
681,1.0,-2.6,-0.28742132,0.0177,52.0,54.815216,0.0,261.0,5043.0,4436.0,1.0,28.742132,70.0
682,1.0,-2.6,-0.31089124,0.0178,52.0,53.967392,0.0,306.0,4965.0,4436.0,1.0,31.089125,30.0
683,1.0,-2.6,-0.2771222,0.0178,52.0,54.141304,0.0,259.0,4981.0,4436.0,1.0,27.71222,50.0
684,1.0,-2.6,-0.27981597,0.0181,52.0,54.27174,0.0,230.0,4993.0,4436.0,1.0,27.981596,50.0
685,1.0,-2.6,-0.27352577,0.0177,52.0,54.076088,0.0,263.0,4975.0,4438.0,1.0,27.352577,30.0
686,1.0,-2.6,-0.30710232,0.0177,52.0,55.163044,0.0,285.0,5075.0,4437.0,1.0,30.710234,90.0
687,1.0,-2.6,-0.27263346,0.0177,52.0,54.25,0.0,192.0,4991.0,4436.0,1.0,27.263348,10.0
688,1.0,-2.6,-0.27166015,0.0176,52.0,54.076088,0.0,265.0,4975.0,4436.0,1.0,27.166016,10.0
689,1.0,-2.6,-0.274811,0.0179,52.0,53.663044,0.0,301.0,4937.0,4436.0,1.0,27.4811,30.0
690,1.0,-2.6,-0.2748081,0.0176,52.0,54.217392,0.0,331.0,4988.0,4436.0,1.0,27.480812,30.0
691,1.0,-2.6,-0.30498466,0.0178,52.0,54.141304,0.0,254.0,4981.0,4436.0,1.0,30.498466,10.0
692,1.0,-2.6,-0.6515803,0.0177,52.0,55.097828,0.0,347.0,5069.0,4437.0,1.0,65.15803,90.0
693,1.0,-2.6,-0.40446162,0.018,52.0,54.380436,0.0,298.0,5003.0,4436.0,1.0,40.446163,90.0
694,1.0,-2.6,-0.30668357,0.0179,52.0,54.489132,0.0,272.0,5013.0,4436.0,1.0,30.668356,70.0
695,1.0,-2.6,-0.27202225,0.0177,52.0,55.02174,0.0,275.0,5062.0,4437.0,1.0,27.202225,50.0
696,1.0,-2.6,-0.37960935,0.0178,52.0,55.25,0.0,152.0,5083.0,4436.0,1.0,37.960934,90.0
697,1.0,-2.6,-0.2720071,0.0178,52.0,53.54348,0.0,145.0,4926.0,4436.0,1.0,27.200712,90.0
698,1.0,-2.6,-0.28061262,0.0178,52.0,54.315216,0.0,162.0,4997.0,4436.0,1.0,28.061262,90.0
699,1.0,-2.6,-0.28286016,0.018,52.0,54.836956,0.0,137.0,5045.0,4436.0,1.0,28.286016,10.0
700,1.0,-2.6,-0.27675012,0.0179,52.0,53.945652,0.0,145.0,4963.0,4436.0,1.0,27.675013,30.0
701,1.0,-2.6,-0.283522,0.018,52.0,53.826088,0.0,196.0,4952.0,4437.0,1.0,28.3522,70.0
702,1.0,-2.6,-0.27785882,0.018,52.0,54.489132,0.0,270.0,5013.0,4436.0,1.0,27.785881,10.0
703,1.0,-2.6,-0.27614203,0.018,52.0,54.510868,0.0,193.0,5015.0,4437.0,1.0,27.614202,70.0
704,1.0,-2.6,-0.6489046,0.018,52.0,54.065216,0.0,80.0,4974.0,4436.0,1.0,64.890465,70.0
705,1.0,-2.6,-0.29040572,0.0178,52.0,53.684784,0.0,137.0,4939.0,4437.0,1.0,29.040571,30.0
706,1.0,-2.6,-0.4096547,0.0178,52.0,54.79348,0.0,76.0,5041.0,4437.0,1.0,40.96547,10.0
707,1.0,-2.6,-0.270004,0.0178,52.0,54.369564,0.0,181.0,5002.0,4436.0,1.0,27.0004,70.0
708,1.0,-2.6,-0.30372012,0.0179,52.0,55.097828,0.0,139.0,5069.0,4437.0,1.0,30.372013,50.0
709,1.0,-2.6,-0.2719711,0.0181,52.0,54.076088,0.0,187.0,4975.0,4437.0,1.0,27.19711,10.0
710,1.0,-2.6,-0.27520224,0.0183,52.0,53.95652,0.0,69.0,4964.0,4436.0,1.0,27.520226,50.0
711,1.0,-2.6,-0.27203393,0.018,52.0,53.663044,0.0,89.0,4937.0,4436.0,1.0,27.203394,10.0
712,1.0,-2.6,-0.27180612,0.018,52.0,54.032608,0.0,133.0,4971.0,4436.0,1.0,27.180613,30.0
713,1.0,-2.6,-0.3037981,0.0182,52.0,54.02174,0.0,103.0,4970.0,4436.0,1.0,30.379812,50.0
714,1.0,-2.6,-0.4782843,0.0184,52.0,54.97826,0.0,115.0,5058.0,4436.0,1.0,47.82843,10.0
715,1.0,-2.6,-0.3710675,0.0179,52.0,54.565216,0.0,101.0,5020.0,4436.0,1.0,37.10675,70.0
716,1.0,-2.6,-0.31712523,0.0178,52.0,54.586956,0.0,165.0,5022.0,4437.0,1.0,31.712524,70.0
717,1.0,-2.6,-0.27265874,0.0177,52.0,53.695652,0.0,151.0,4940.0,4437.0,1.0,27.265875,30.0
718,1.0,-2.6,-0.30632126,0.0177,52.0,55.75,0.0,146.0,5129.0,4436.0,1.0,30.632128,30.0
719,1.0,-2.6,-0.27134,0.0177,52.0,54.782608,0.0,134.0,5040.0,4437.0,1.0,27.134,70.0
720,1.0,-2.6,-0.3072305,0.0177,52.0,55.5,0.0,178.0,5106.0,4436.0,1.0,30.72305,50.0
721,1.0,-2.6,-0.27292782,0.0176,52.0,54.836956,0.0,168.0,5045.0,4437.0,1.0,27.292782,50.0
722,1.0,-2.6,-0.27222174,0.0176,52.0,55.934784,0.0,207.0,5146.0,4437.0,1.0,27.222176,70.0
723,1.0,-2.6,-0.27208513,0.0179,52.0,53.891304,0.0,118.0,4958.0,4436.0,1.0,27.208513,10.0
724,1.0,-2.6,-0.51014227,0.0176,52.0,55.630436,0.0,162.0,5118.0,4437.0,1.0,51.014225,50.0
725,1.0,-2.6,-0.27371436,0.0176,52.0,53.597828,0.0,157.0,4931.0,4437.0,1.0,27.371435,50.0
726,1.0,-2.6,-0.27042478,0.0175,52.0,54.119564,0.0,156.0,4979.0,4437.0,1.0,27.042479,30.0
727,1.0,-2.6,-0.27198553,0.0178,52.0,54.141304,0.0,120.0,4981.0,4436.0,1.0,27.198553,10.0
728,1.0,-2.6,-0.27068025,0.0179,52.0,54.630436,0.0,119.0,5026.0,4436.0,1.0,27.068026,30.0
729,1.0,-2.6,-0.312772,0.0178,52.0,54.95652,0.0,90.0,5056.0,4437.0,1.0,31.2772,70.0
730,1.0,-2.6,-0.2930395,0.018,52.0,55.25,0.0,86.0,5083.0,4436.0,1.0,29.30395,30.0
731,1.0,-2.6,-0.6048734,0.0178,52.0,55.152172,0.0,83.0,5074.0,4436.0,1.0,60.487343,10.0
732,1.0,-2.6,-0.32220352,0.018,52.0,55.619564,0.0,62.0,5117.0,4436.0,1.0,32.220352,50.0
733,1.0,-2.6,-0.27443486,0.018,52.0,55.173912,0.0,98.0,5076.0,4436.0,1.0,27.443487,30.0
734,1.0,-2.6,-0.47381124,0.0176,52.0,57.163044,0.0,248.0,5259.0,4436.0,1.0,47.381123,30.0
735,1.0,-2.6,-0.2703614,0.0176,52.0,55.445652,0.0,616.0,5101.0,4436.0,1.0,27.03614,30.0
736,1.0,-2.6,-0.27257583,0.0176,52.0,55.369564,0.0,689.0,5094.0,4436.0,1.0,27.257582,30.0
737,1.0,-2.6,-0.2720315,0.0179,52.0,53.652172,0.0,703.0,4936.0,4437.0,1.0,27.20315,70.0
738,1.0,-2.6,-0.27587056,0.0182,52.0,54.119564,0.0,670.0,4979.0,4437.0,1.0,27.587057,70.0
739,1.0,-2.6,-0.3052181,0.0178,52.0,55.576088,0.0,630.0,5113.0,4436.0,1.0,30.521809,90.0
740,1.0,-2.6,-0.31677657,0.0178,52.0,55.163044,0.0,689.0,5075.0,4436.0,1.0,31.677656,30.0
741,1.0,-2.6,-0.2774721,0.0179,52.0,54.75,0.0,743.0,5037.0,4436.0,1.0,27.74721,90.0
742,1.0,-2.6,-0.55678296,0.018,52.0,55.739132,0.0,666.0,5128.0,4436.0,1.0,55.6783,10.0
743,1.0,-2.6,-0.30131227,0.0179,52.0,55.695652,0.0,561.0,5124.0,4436.0,1.0,30.131226,50.0
744,1.0,-2.6,-0.27716014,0.0179,52.0,55.782608,0.0,653.0,5132.0,4436.0,1.0,27.716013,70.0
745,1.0,-2.6,-0.27520296,0.0176,52.0,55.663044,0.0,645.0,5121.0,4438.0,1.0,27.520296,70.0
746,1.0,-2.6,-0.3187992,0.0179,52.0,56.032608,0.0,680.0,5155.0,4436.0,1.0,31.879921,50.0
747,1.0,-2.6,-0.2826268,0.0177,52.0,55.423912,0.0,697.0,5099.0,4436.0,1.0,28.262682,70.0
748,1.0,-2.6,-0.2727,0.0179,52.0,55.217392,0.0,718.0,5080.0,4436.0,1.0,27.27,30.0
749,1.0,-2.6,-0.29951227,0.018,52.0,55.641304,0.0,731.0,5119.0,4436.0,1.0,29.951227,10.0
750,1.0,-2.6,-0.27025375,0.0177,52.0,54.869564,0.0,735.0,5048.0,4436.0,1.0,27.025375,50.0
751,1.0,-2.6,-0.27192268,0.0177,52.0,55.29348,0.0,739.0,5087.0,4436.0,1.0,27.192266,30.0
752,1.0,-2.6,-0.27144802,0.018,52.0,55.304348,0.0,744.0,5088.0,4437.0,1.0,27.1448,70.0
753,1.0,-2.6,-0.27670825,0.0183,52.0,55.880436,0.0,559.0,5141.0,4436.0,1.0,27.670824,90.0
754,1.0,-2.6,-0.2726238,0.0182,52.0,56.29348,0.0,712.0,5179.0,4436.0,1.0,27.26238,30.0
755,1.0,-2.6,-0.3119117,0.0179,52.0,56.25,0.0,332.0,5175.0,4437.0,1.0,31.191172,10.0
756,1.0,-2.6,-0.3139447,0.0177,52.0,56.858696,0.0,70.0,5231.0,4437.0,1.0,31.394468,70.0
757,1.0,-2.6,-0.30821618,0.0178,52.0,55.532608,0.0,57.0,5109.0,4436.0,1.0,30.821619,10.0
758,1.0,-2.6,-0.28066015,0.018,52.0,55.70652,0.0,70.0,5125.0,4436.0,1.0,28.066015,10.0
759,1.0,-2.6,-0.3115125,0.0177,52.0,56.52174,0.0,83.0,5200.0,4436.0,1.0,31.15125,10.0
760,1.0,-2.6,-0.2739336,0.0178,52.0,55.70652,0.0,57.0,5125.0,4436.0,1.0,27.39336,90.0
761,1.0,-2.6,-0.3212511,0.0178,52.0,55.336956,0.0,83.0,5091.0,4436.0,1.0,32.12511,30.0
762,1.0,-2.6,-0.27692357,0.0179,52.0,55.532608,0.0,70.0,5109.0,4436.0,1.0,27.692356,10.0
763,1.0,-2.6,-0.27605268,0.0179,52.0,55.282608,0.0,81.0,5086.0,4436.0,1.0,27.605268,70.0
764,1.0,-2.6,-0.275285,0.0176,52.0,55.380436,0.0,77.0,5095.0,4436.0,1.0,27.5285,70.0
765,1.0,-2.6,-0.412439,0.018,52.0,55.695652,0.0,82.0,5124.0,4436.0,1.0,41.2439,50.0
766,1.0,-2.6,-0.27808324,0.0178,52.0,55.173912,0.0,105.0,5076.0,4436.0,1.0,27.808325,10.0
767,1.0,-2.6,-0.27723274,0.0179,52.0,55.5,0.0,71.0,5106.0,4436.0,1.0,27.723274,90.0
768,1.0,-2.6,-0.2738466,0.0184,52.0,55.358696,0.0,71.0,5093.0,4437.0,1.0,27.384659,50.0
769,1.0,-2.6,-0.272805,0.0179,52.0,55.673912,0.0,76.0,5122.0,4437.0,1.0,27.2805,10.0
770,1.0,-2.6,-0.27301568,0.0181,52.0,55.891304,0.0,96.0,5142.0,4436.0,1.0,27.301569,90.0
771,1.0,-2.6,-0.5402761,0.0179,52.0,57.413044,0.0,113.0,5282.0,4436.0,1.0,54.02761,90.0
772,1.0,-2.6,-0.42174938,0.018,52.0,55.869564,0.0,76.0,5140.0,4437.0,1.0,42.17494,50.0
773,1.0,-2.6,-0.32316312,0.0178,52.0,55.760868,0.0,69.0,5130.0,4436.0,1.0,32.31631,10.0
774,1.0,-2.6,-0.2761125,0.0177,52.0,56.04348,0.0,70.0,5156.0,4436.0,1.0,27.61125,10.0
775,1.0,-2.6,-0.3298175,0.0181,52.0,55.826088,0.0,65.0,5136.0,4436.0,1.0,32.98175,90.0
776,1.0,-2.6,-0.27411762,0.0178,52.0,55.173912,0.0,85.0,5076.0,4436.0,1.0,27.411762,50.0
777,1.0,-2.6,-0.62574625,0.0183,52.0,56.315216,0.0,72.0,5181.0,4437.0,1.0,62.574623,70.0
778,1.0,-2.6,-0.27698624,0.0178,52.0,55.217392,0.0,79.0,5080.0,4436.0,1.0,27.698626,10.0
779,1.0,-2.6,-0.27213594,0.0176,52.0,56.282608,0.0,64.0,5178.0,4437.0,1.0,27.213594,30.0
780,1.0,-2.6,-0.31244525,0.0177,52.0,55.95652,0.0,65.0,5148.0,4436.0,1.0,31.244526,10.0
781,1.0,-2.6,-0.27063632,0.0178,52.0,56.054348,0.0,115.0,5157.0,4436.0,1.0,27.063631,10.0
782,1.0,-2.6,-0.27094162,0.0178,52.0,55.967392,0.0,63.0,5149.0,4437.0,1.0,27.094162,90.0
783,1.0,-2.6,-0.27107018,0.0176,52.0,55.804348,0.0,74.0,5134.0,4436.0,1.0,27.10702,30.0
784,1.0,-2.6,-0.27063218,0.0176,52.0,56.032608,0.0,58.0,5155.0,4437.0,1.0,27.06322,50.0
785,1.0,-2.6,-0.27069905,0.0177,52.0,55.54348,0.0,56.0,5110.0,4436.0,1.0,27.069906,10.0
786,1.0,-2.6,-0.30896,0.0179,52.0,55.652172,0.0,63.0,5120.0,4436.0,1.0,30.896,70.0
787,1.0,-2.6,-0.31409526,0.0164,52.0,56.673912,0.0,46.0,5214.0,4437.0,1.0,31.409525,90.0
788,1.0,-2.6,-0.31881174,0.0161,52.0,55.739132,0.0,45.0,5128.0,4436.0,1.0,31.881174,50.0
789,1.0,-2.6,-0.27557153,0.0178,52.0,55.836956,0.0,82.0,5137.0,4437.0,1.0,27.557154,70.0
790,1.0,-2.6,-0.30973083,0.018,52.0,55.619564,0.0,155.0,5117.0,4436.0,1.0,30.973083,30.0
791,1.0,-2.6,-0.27663922,0.0178,52.0,55.119564,0.0,133.0,5071.0,4436.0,1.0,27.663921,30.0
792,1.0,-2.6,-0.30794692,0.018,52.0,56.152172,0.0,51.0,5166.0,4437.0,1.0,30.794693,10.0
793,1.0,-2.6,-0.2744,0.0177,52.0,55.652172,0.0,89.0,5120.0,4436.0,1.0,27.44,90.0
794,1.0,-2.6,-0.27260298,0.0178,52.0,55.489132,0.0,58.0,5105.0,4436.0,1.0,27.260298,30.0
795,1.0,-2.6,-0.27585545,0.0181,52.0,55.70652,0.0,51.0,5125.0,4436.0,1.0,27.585546,70.0
796,1.0,-2.6,-0.60547346,0.0181,52.0,55.760868,0.0,96.0,5130.0,4436.0,1.0,60.547344,50.0
797,1.0,-2.6,-0.2742819,0.0178,52.0,55.195652,0.0,109.0,5078.0,4438.0,1.0,27.428188,70.0
798,1.0,-2.6,-0.27200937,0.0177,52.0,55.695652,0.0,97.0,5124.0,4436.0,1.0,27.200937,30.0
799,1.0,-2.6,-0.31708652,0.0177,52.0,55.619564,0.0,128.0,5117.0,4436.0,1.0,31.708652,70.0
800,1.0,-2.6,-0.27583492,0.0153,52.0,54.532608,0.0,43.0,5017.0,4436.0,1.0,27.58349,90.0
801,1.0,-2.6,-0.31692517,0.0177,52.0,54.847828,0.0,53.0,5046.0,4436.0,1.0,31.692518,90.0
802,1.0,-2.6,-0.31442726,0.0181,52.0,55.032608,0.0,51.0,5063.0,4436.0,1.0,31.442724,50.0
803,1.0,-2.6,-0.27606183,0.017,52.0,54.77174,0.0,48.0,5039.0,4436.0,1.0,27.606182,30.0
804,1.0,-2.6,-0.2772165,0.0099,52.0,53.467392,0.0,27.0,4919.0,4436.0,1.0,27.72165,90.0
805,1.0,-2.6,-0.41244203,0.0177,52.0,56.347828,0.0,120.0,5184.0,4436.0,1.0,41.2442,70.0
806,1.0,-2.6,-0.27154997,0.0177,52.0,55.032608,0.0,57.0,5063.0,4437.0,1.0,27.154997,50.0
807,1.0,-2.6,-0.30955157,0.0179,52.0,55.597828,0.0,56.0,5115.0,4436.0,1.0,30.955156,50.0
808,1.0,-2.6,-0.2745401,0.0177,52.0,55.576088,0.0,122.0,5113.0,4436.0,1.0,27.45401,90.0
809,1.0,-2.6,-0.271142,0.0109,52.0,53.826088,0.0,30.0,4952.0,4436.0,1.0,27.1142,50.0
810,1.0,-2.6,-0.2702276,0.0086,52.0,52.315216,0.0,23.0,4813.0,4436.0,1.0,27.022762,70.0
811,1.0,-2.6,-0.45068845,0.015,52.0,54.815216,0.0,41.0,5043.0,4436.0,1.0,45.068844,50.0
812,1.0,-2.6,-0.273321,0.0086,52.0,52.652172,0.0,23.0,4844.0,4436.0,1.0,27.3321,10.0
813,1.0,-2.6,-0.27069426,0.0083,52.0,51.663044,0.0,22.0,4753.0,4436.0,1.0,27.069426,10.0
814,1.0,-2.6,-0.2709979,0.0094,52.0,52.402172,0.0,25.0,4821.0,4436.0,1.0,27.09979,70.0
815,1.0,-2.6,-0.27100933,0.0097,52.0,52.45652,0.0,26.0,4826.0,4437.0,1.0,27.100931,30.0
816,1.0,-2.6,-0.30069724,0.0106,52.0,53.619564,0.0,29.0,4933.0,4436.0,1.0,30.069725,90.0
817,1.0,-2.6,-0.3124863,0.0104,52.0,53.380436,0.0,28.0,4911.0,4436.0,1.0,31.24863,50.0
818,1.0,-2.6,-0.3010745,0.008,52.0,51.391304,0.0,21.0,4728.0,4436.0,1.0,30.10745,90.0
819,1.0,-2.6,-0.27345237,0.0095,52.0,53.782608,0.0,26.0,4948.0,4437.0,1.0,27.345238,10.0
820,1.0,-2.6,-0.46750626,0.0176,52.0,56.608696,0.0,106.0,5208.0,4437.0,1.0,46.750626,90.0
821,1.0,-2.6,-0.2754897,0.0176,52.0,55.54348,0.0,134.0,5110.0,4436.0,1.0,27.54897,10.0
822,1.0,-2.6,-0.4638002,0.018,52.0,55.641304,0.0,137.0,5119.0,4436.0,1.0,46.38002,90.0
823,1.0,-2.6,-0.6239739,0.018,52.0,54.923912,0.0,735.0,5053.0,4437.0,1.0,62.397392,70.0
824,1.0,-2.6,-0.2734375,0.0177,52.0,54.347828,0.0,710.0,5000.0,4436.0,1.0,27.34375,30.0
825,1.0,-2.6,-0.27401188,0.0177,52.0,54.152172,0.0,731.0,4982.0,4436.0,1.0,27.401188,50.0
826,1.0,-2.6,-0.31157404,0.0177,52.0,54.858696,0.0,783.0,5047.0,4436.0,1.0,31.157404,10.0
827,1.0,-2.6,-0.27235115,0.0179,52.0,54.380436,0.0,772.0,5003.0,4437.0,1.0,27.235115,50.0
828,1.0,-2.6,-0.27209622,0.0176,52.0,54.641304,0.0,854.0,5027.0,4436.0,1.0,27.209621,50.0
829,1.0,-2.6,-0.27480218,0.0177,52.0,54.195652,0.0,786.0,4986.0,4437.0,1.0,27.480219,90.0
830,1.0,-2.6,-0.27196628,0.0177,52.0,54.054348,0.0,379.0,4973.0,4436.0,1.0,27.196629,50.0
831,1.0,-2.6,-0.27116963,0.008,52.0,51.119564,0.0,21.0,4703.0,4437.0,1.0,27.116962,30.0
832,1.0,-2.6,-0.360219,0.0059,52.0,35.826088,0.0,15.0,3296.0,4436.0,1.0,36.0219,70.0
833,1.0,-2.6,-0.37380493,0.0062,52.0,36.282608,0.0,16.0,3338.0,4436.0,1.0,37.380493,90.0
834,1.0,-2.6,-0.45456246,0.0059,52.0,37.163044,0.0,15.0,3419.0,4437.0,1.0,45.456245,50.0
835,1.0,-2.6,-0.30071938,0.0066,52.0,41.413044,0.0,17.0,3810.0,4438.0,1.0,30.071938,70.0
836,1.0,-2.6,-0.26987898,0.0067,52.0,38.608696,0.0,17.0,3552.0,4436.0,1.0,26.9879,90.0
837,1.0,-2.05,-0.21252,0.0052,41.0,36.682926,0.0,13.0,3008.0,3953.0,1.0,21.252,90.0
838,1.0,-2.05,-0.21434171,0.0044,41.0,34.719513,0.0,11.0,2847.0,3952.0,1.0,21.434172,30.0
839,1.0,-2.05,-0.21024793,0.0036,41.0,26.256098,0.0,8.0,2153.0,3952.0,1.0,21.024794,50.0
840,1.0,-2.05,-0.21000019,0.0037,41.0,25.341463,0.0,8.0,2078.0,3953.0,1.0,21.00002,70.0
841,1.0,-2.55,-0.3022964,0.0172,51.0,60.914635,0.0,48.0,4995.0,3952.0,1.0,30.229641,30.0
842,1.0,-2.55,-0.2949,0.0099,51.0,57.142857,0.0,26.0,4800.0,4038.0,1.0,29.49,90.0
843,1.0,-2.55,-0.25967336,0.0035,51.0,17.744186,0.0,7.0,1526.0,4125.0,1.0,25.967337,30.0
844,1.0,-2.55,-0.259929,0.0034,51.0,16.90909,0.0,7.0,1488.0,4210.0,1.0,25.9929,10.0
845,1.0,-2.55,-0.31827196,0.0037,51.0,20.78409,0.0,8.0,1829.0,4210.0,1.0,31.827196,50.0
846,1.0,-2.55,-0.2661825,0.0054,51.0,44.177776,0.0,14.0,3976.0,4306.0,1.0,26.61825,70.0
847,1.0,-2.55,-0.3994995,0.0045,51.0,28.977777,0.0,11.0,2608.0,4316.0,1.0,39.94995,10.0
848,1.0,-2.0,-0.2070247,0.003,40.0,22.125,0.0,5.0,1770.0,3857.0,1.0,20.702469,10.0
849,1.0,-2.45,-0.25777736,0.0177,49.0,56.97826,0.0,95.0,5242.0,4376.0,1.0,25.777737,10.0
850,1.0,-2.45,-0.25701988,0.0179,49.0,55.010868,0.0,60.0,5061.0,4377.0,1.0,25.701988,50.0
851,1.0,-2.45,-0.25749,0.0182,49.0,54.304348,0.0,50.0,4996.0,4428.0,1.0,25.749,10.0
852,1.0,-2.45,-0.29911655,0.0179,49.0,54.402172,0.0,103.0,5005.0,4435.0,1.0,29.911655,50.0
853,1.0,-2.45,-0.30131474,0.0178,49.0,55.02174,0.0,69.0,5062.0,4435.0,1.0,30.131475,50.0
854,1.0,-2.45,-0.2551594,0.0031,49.0,10.423913,0.0,6.0,959.0,4435.0,1.0,25.51594,50.0
855,1.0,-2.45,-0.2601835,0.0177,49.0,54.445652,0.0,58.0,5009.0,4435.0,1.0,26.018353,30.0
856,1.0,-2.45,-0.26157463,0.0128,49.0,53.380436,0.0,35.0,4911.0,4435.0,1.0,26.157463,50.0
857,1.0,-2.45,-0.25912157,0.0176,49.0,54.576088,0.0,60.0,5021.0,4435.0,1.0,25.912157,30.0
858,1.0,-2.45,-0.258031,0.0174,49.0,54.608696,0.0,80.0,5024.0,4435.0,1.0,25.8031,90.0
859,1.0,-2.45,-0.25820157,0.0176,49.0,54.02174,0.0,100.0,4970.0,4436.0,1.0,25.820156,70.0
860,1.0,-2.45,-0.2973704,0.0179,49.0,55.032608,0.0,96.0,5063.0,4435.0,1.0,29.737041,10.0
861,1.0,-2.45,-0.26578626,0.0081,49.0,52.391304,0.0,21.0,4820.0,4435.0,1.0,26.578625,90.0
862,1.0,-2.45,-0.27799237,0.0058,49.0,36.315216,0.0,15.0,3341.0,4435.0,1.0,27.799238,50.0
863,1.0,-2.45,-0.25373,0.0047,49.0,31.304348,0.0,12.0,2880.0,4435.0,1.0,25.373,90.0
864,1.0,-2.45,-0.25409976,0.0057,49.0,35.967392,0.0,15.0,3309.0,4435.0,1.0,25.409975,90.0
865,1.0,-2.45,-0.25162062,0.0059,49.0,34.891304,0.0,15.0,3210.0,4435.0,1.0,25.162062,30.0
866,1.0,-2.45,-0.2555345,0.0078,49.0,50.891304,0.0,20.0,4682.0,4435.0,1.0,25.55345,30.0
867,1.0,-2.45,-0.27552998,0.0063,49.0,37.391304,0.0,16.0,3440.0,4435.0,1.0,27.553,10.0
868,1.0,-2.45,-0.281925,0.0062,49.0,36.695652,0.0,16.0,3376.0,4435.0,1.0,28.1925,90.0
869,1.0,-2.45,-0.27394518,0.0047,49.0,28.847826,0.0,12.0,2654.0,4436.0,1.0,27.394518,30.0
870,1.0,-2.45,-0.251805,0.0047,49.0,29.586956,0.0,12.0,2722.0,4435.0,1.0,25.1805,70.0
871,1.0,-2.45,-0.25672084,0.0117,49.0,52.945652,0.0,32.0,4871.0,4435.0,1.0,25.672085,90.0
872,1.0,-2.45,-0.25257376,0.0057,49.0,36.086956,0.0,15.0,3320.0,4435.0,1.0,25.257376,50.0
873,1.0,-2.45,-0.25689924,0.0175,49.0,55.184784,0.0,67.0,5077.0,4435.0,1.0,25.689922,10.0
874,1.0,-2.45,-0.25747213,0.0177,49.0,54.913044,0.0,95.0,5052.0,4435.0,1.0,25.747213,30.0
875,1.0,-2.45,-0.294153,0.0178,49.0,56.239132,0.0,87.0,5174.0,4436.0,1.0,29.4153,10.0
876,1.0,-2.45,-0.27788913,0.013,49.0,53.45652,0.0,35.0,4918.0,4436.0,1.0,27.788912,10.0
877,1.0,-2.45,-0.257957,0.0177,49.0,53.652172,0.0,92.0,4936.0,4436.0,1.0,25.7957,50.0
878,1.0,-2.45,-0.26537338,0.0178,49.0,53.684784,0.0,127.0,4939.0,4435.0,1.0,26.537338,90.0
879,1.0,-2.45,-0.25729436,0.0177,49.0,54.130436,0.0,69.0,4980.0,4435.0,1.0,25.729437,50.0
880,1.0,-2.45,-0.25724876,0.0093,49.0,51.95652,0.0,25.0,4780.0,4435.0,1.0,25.724874,30.0
881,1.0,-2.45,-0.2580095,0.018,49.0,53.869564,0.0,81.0,4956.0,4435.0,1.0,25.80095,70.0
882,1.0,-2.45,-0.45566377,0.0179,49.0,55.510868,0.0,58.0,5107.0,4435.0,1.0,45.566376,90.0
883,1.0,-2.45,-0.26637143,0.0177,49.0,55.891304,0.0,59.0,5142.0,4435.0,1.0,26.637144,50.0
884,1.0,-2.45,-0.5882335,0.0179,49.0,56.260868,0.0,105.0,5176.0,4435.0,1.0,58.82335,70.0
885,1.0,-2.45,-0.2588875,0.0177,49.0,54.891304,0.0,69.0,5050.0,4436.0,1.0,25.88875,50.0
886,1.0,-2.45,-0.25868744,0.0176,49.0,55.358696,0.0,84.0,5093.0,4435.0,1.0,25.868744,30.0
887,1.0,-2.45,-0.2591204,0.0176,49.0,55.184784,0.0,122.0,5077.0,4436.0,1.0,25.91204,50.0
888,1.0,-2.45,-0.26678243,0.0166,49.0,54.902172,0.0,47.0,5051.0,4437.0,1.0,26.678244,70.0
889,1.0,-2.45,-0.31679797,0.0178,49.0,56.119564,0.0,60.0,5163.0,4435.0,1.0,31.679796,30.0
890,1.0,-2.45,-0.51740056,0.0182,49.0,54.641304,0.0,122.0,5027.0,4437.0,1.0,51.740055,30.0
891,1.0,-2.45,-0.5128064,0.0177,49.0,54.858696,0.0,129.0,5047.0,4435.0,1.0,51.280643,70.0
892,1.0,-2.45,-0.25664374,0.0178,49.0,54.0,0.0,126.0,4968.0,4435.0,1.0,25.664375,70.0
893,1.0,-2.45,-0.25661337,0.0177,49.0,54.586956,0.0,105.0,5022.0,4435.0,1.0,25.661337,90.0
894,1.0,-2.45,-0.2564131,0.0176,49.0,54.380436,0.0,111.0,5003.0,4435.0,1.0,25.64131,90.0
895,1.0,-2.45,-0.25655374,0.018,49.0,55.815216,0.0,129.0,5135.0,4435.0,1.0,25.655375,50.0
896,1.0,-2.45,-0.270485,0.018,49.0,55.402172,0.0,117.0,5097.0,4435.0,1.0,27.0485,10.0
897,1.0,-2.45,-0.2928835,0.0179,49.0,54.967392,0.0,118.0,5057.0,4436.0,1.0,29.288347,10.0
898,1.0,-2.45,-0.27666762,0.0177,49.0,55.630436,0.0,111.0,5118.0,4436.0,1.0,27.666763,50.0
899,1.0,-2.45,-0.25612193,0.0178,49.0,56.065216,0.0,102.0,5158.0,4435.0,1.0,25.612194,10.0
900,1.0,-2.45,-0.25564462,0.0179,49.0,55.260868,0.0,107.0,5084.0,4435.0,1.0,25.564463,10.0
901,1.0,-2.45,-0.25616282,0.0178,49.0,55.467392,0.0,133.0,5103.0,4435.0,1.0,25.616282,30.0
902,1.0,-2.45,-0.2572075,0.0179,49.0,55.869564,0.0,117.0,5140.0,4435.0,1.0,25.72075,90.0
903,1.0,-2.45,-0.27010527,0.0179,49.0,55.619564,0.0,103.0,5117.0,4436.0,1.0,27.010529,90.0
904,1.0,-2.45,-0.28179944,0.0182,49.0,54.934784,0.0,57.0,5054.0,4435.0,1.0,28.179943,50.0
905,1.0,-2.45,-0.26138002,0.0185,49.0,54.782608,0.0,116.0,5040.0,4435.0,1.0,26.138,70.0
906,1.0,-2.45,-0.2700219,0.0181,49.0,55.434784,0.0,89.0,5100.0,4436.0,1.0,27.002188,30.0
907,1.0,-2.45,-0.26828572,0.0177,49.0,55.097828,0.0,109.0,5069.0,4435.0,1.0,26.828571,50.0
908,1.0,-2.45,-0.26841435,0.0179,49.0,55.402172,0.0,111.0,5097.0,4435.0,1.0,26.841434,70.0
909,1.0,-2.45,-0.269111,0.018,49.0,55.173912,0.0,120.0,5076.0,4436.0,1.0,26.9111,50.0
910,1.0,-2.45,-0.26735625,0.0181,49.0,55.54348,0.0,112.0,5110.0,4435.0,1.0,26.735624,50.0
911,1.0,-2.45,-0.47173008,0.0182,49.0,55.891304,0.0,118.0,5142.0,4435.0,1.0,47.173008,10.0
912,1.0,-2.45,-0.26947677,0.0183,49.0,56.010868,0.0,102.0,5153.0,4435.0,1.0,26.947676,50.0
913,1.0,-2.45,-0.2614961,0.0182,49.0,55.70652,0.0,96.0,5125.0,4436.0,1.0,26.149609,70.0
914,1.0,-2.45,-0.26027718,0.0177,49.0,55.934784,0.0,118.0,5146.0,4436.0,1.0,26.02772,50.0
915,1.0,-2.45,-0.26138374,0.0179,49.0,55.869564,0.0,106.0,5140.0,4437.0,1.0,26.138374,90.0
916,1.0,-2.45,-0.2604321,0.0177,49.0,55.336956,0.0,112.0,5091.0,4435.0,1.0,26.04321,70.0
917,1.0,-2.45,-0.2560425,0.0178,49.0,54.869564,0.0,107.0,5048.0,4437.0,1.0,25.60425,10.0
918,1.0,-2.45,-0.6369506,0.018,49.0,56.195652,0.0,97.0,5170.0,4435.0,1.0,63.69506,30.0
919,1.0,-2.45,-0.4391116,0.0177,49.0,56.880436,0.0,114.0,5233.0,4435.0,1.0,43.91116,10.0
920,1.0,-2.45,-0.48952228,0.018,49.0,56.663044,0.0,103.0,5213.0,4436.0,1.0,48.95223,50.0
921,1.0,-2.45,-0.26264098,0.0179,49.0,56.29348,0.0,106.0,5179.0,4435.0,1.0,26.264097,30.0
922,1.0,-2.45,-0.25691092,0.0179,49.0,55.239132,0.0,116.0,5082.0,4436.0,1.0,25.691093,10.0
923,1.0,-2.45,-0.25758323,0.0179,49.0,55.402172,0.0,115.0,5097.0,4435.0,1.0,25.758322,10.0
924,1.0,-2.45,-0.2578942,0.0181,49.0,55.369564,0.0,100.0,5094.0,4435.0,1.0,25.78942,70.0
925,1.0,-2.45,-0.28427637,0.0183,49.0,55.989132,0.0,115.0,5151.0,4435.0,1.0,28.427637,30.0
926,1.0,-2.45,-0.2970425,0.0178,49.0,55.869564,0.0,109.0,5140.0,4436.0,1.0,29.70425,70.0
927,1.0,-2.45,-0.2752694,0.0178,49.0,55.413044,0.0,110.0,5098.0,4435.0,1.0,27.526937,10.0
928,1.0,-2.45,-0.26010463,0.0177,49.0,55.891304,0.0,104.0,5142.0,4436.0,1.0,26.010462,70.0
929,1.0,-2.45,-0.255234,0.0177,49.0,55.619564,0.0,116.0,5117.0,4435.0,1.0,25.5234,70.0
930,1.0,-2.45,-0.2554853,0.0179,49.0,56.108696,0.0,94.0,5162.0,4435.0,1.0,25.54853,10.0
931,1.0,-2.45,-0.25900024,0.0176,49.0,55.336956,0.0,128.0,5091.0,4435.0,1.0,25.900024,70.0
932,1.0,-2.45,-0.274394,0.0177,49.0,55.565216,0.0,117.0,5112.0,4435.0,1.0,27.4394,10.0
933,1.0,-2.45,-0.3027782,0.0178,49.0,56.29348,0.0,110.0,5179.0,4435.0,1.0,30.277822,90.0
934,1.0,-2.45,-0.25284612,0.0178,49.0,55.695652,0.0,103.0,5124.0,4436.0,1.0,25.284613,90.0
935,1.0,-2.45,-0.252018,0.0178,49.0,55.47826,0.0,113.0,5104.0,4436.0,1.0,25.2018,10.0
936,1.0,-2.45,-0.25345847,0.0177,49.0,55.510868,0.0,106.0,5107.0,4435.0,1.0,25.345846,90.0
937,1.0,-2.45,-0.25305936,0.0175,49.0,56.065216,0.0,112.0,5158.0,4437.0,1.0,25.305937,90.0
938,1.0,-2.45,-0.25383094,0.0176,49.0,55.847828,0.0,115.0,5138.0,4436.0,1.0,25.383093,10.0
939,1.0,-2.45,-0.315941,0.0179,49.0,55.826088,0.0,98.0,5136.0,4435.0,1.0,31.5941,50.0
940,1.0,-2.45,-0.45304453,0.0178,49.0,56.445652,0.0,117.0,5193.0,4435.0,1.0,45.304455,30.0
941,1.0,-2.45,-0.28599125,0.0178,49.0,55.913044,0.0,120.0,5144.0,4436.0,1.0,28.599125,90.0
942,1.0,-2.45,-0.25821775,0.0177,49.0,55.391304,0.0,113.0,5096.0,4435.0,1.0,25.821775,90.0
943,1.0,-2.45,-0.25891456,0.0177,49.0,55.630436,0.0,110.0,5118.0,4437.0,1.0,25.891457,10.0
944,1.0,-2.45,-0.2556195,0.018,49.0,55.130436,0.0,116.0,5072.0,4436.0,1.0,25.56195,30.0
945,1.0,-2.45,-0.2555765,0.0178,49.0,55.739132,0.0,114.0,5128.0,4436.0,1.0,25.55765,70.0
946,1.0,-2.45,-0.29260963,0.0172,49.0,56.326088,0.0,48.0,5182.0,4436.0,1.0,29.260963,90.0
947,1.0,-2.45,-0.6190625,0.0178,49.0,57.065216,0.0,56.0,5250.0,4437.0,1.0,61.90625,30.0
948,1.0,-2.45,-0.29267395,0.018,49.0,56.402172,0.0,64.0,5189.0,4435.0,1.0,29.267393,30.0
949,1.0,-2.45,-0.29531,0.018,49.0,56.086956,0.0,76.0,5160.0,4436.0,1.0,29.531,90.0
950,1.0,-2.45,-0.25594512,0.0177,49.0,55.173912,0.0,51.0,5076.0,4435.0,1.0,25.594513,70.0
951,1.0,-2.45,-0.25650892,0.0152,49.0,54.836956,0.0,42.0,5045.0,4435.0,1.0,25.65089,50.0
952,1.0,-2.45,-0.24830094,0.0037,49.0,16.402174,0.0,8.0,1509.0,4435.0,1.0,24.830093,30.0
953,1.0,-2.45,-0.25596237,0.0142,49.0,55.260868,0.0,40.0,5084.0,4435.0,1.0,25.596237,50.0
954,1.0,-2.45,-0.2586713,0.0179,49.0,55.29348,0.0,58.0,5087.0,4435.0,1.0,25.867132,90.0
955,1.0,-2.45,-0.26211202,0.0041,49.0,21.565218,0.0,10.0,1984.0,4435.0,1.0,26.2112,90.0
956,1.0,-2.45,-0.2912873,0.0177,49.0,56.29348,0.0,67.0,5179.0,4435.0,1.0,29.12873,30.0
957,1.0,-2.45,-0.2570778,0.012,49.0,53.858696,0.0,33.0,4955.0,4435.0,1.0,25.70778,50.0
958,1.0,-2.45,-0.26137027,0.0176,49.0,54.75,0.0,106.0,5037.0,4435.0,1.0,26.137026,50.0
959,1.0,-2.45,-0.260294,0.0179,49.0,55.413044,0.0,92.0,5098.0,4436.0,1.0,26.0294,50.0
960,1.0,-2.45,-0.25677064,0.0177,49.0,55.326088,0.0,140.0,5090.0,4436.0,1.0,25.677063,70.0
961,1.0,-2.45,-0.2573537,0.0177,49.0,55.804348,0.0,136.0,5134.0,4435.0,1.0,25.735369,30.0
962,1.0,-2.45,-0.28104237,0.0177,49.0,56.217392,0.0,107.0,5172.0,4435.0,1.0,28.104237,10.0
963,1.0,-2.45,-0.282996,0.018,49.0,56.0,0.0,105.0,5152.0,4436.0,1.0,28.2996,30.0
964,1.0,-2.45,-0.41814578,0.0179,49.0,55.815216,0.0,116.0,5135.0,4435.0,1.0,41.81458,90.0
965,1.0,-2.45,-0.2883124,0.0178,49.0,56.423912,0.0,115.0,5191.0,4436.0,1.0,28.83124,10.0
966,1.0,-2.45,-0.257585,0.0177,49.0,54.717392,0.0,105.0,5034.0,4437.0,1.0,25.7585,30.0
967,1.0,-2.45,-0.2571732,0.0176,49.0,54.989132,0.0,105.0,5059.0,4435.0,1.0,25.717321,70.0
968,1.0,-2.45,-0.25684297,0.0176,49.0,54.923912,0.0,113.0,5053.0,4435.0,1.0,25.684298,30.0
969,1.0,-2.45,-0.25722617,0.0178,49.0,55.22826,0.0,111.0,5081.0,4436.0,1.0,25.722616,10.0
970,1.0,-2.45,-0.25740546,0.0178,49.0,54.619564,0.0,99.0,5025.0,4436.0,1.0,25.740547,10.0
971,1.0,-2.45,-0.28441438,0.0179,49.0,54.402172,0.0,117.0,5005.0,4436.0,1.0,28.441437,90.0
972,1.0,-2.45,-0.29111087,0.0178,49.0,54.739132,0.0,57.0,5036.0,4435.0,1.0,29.111088,90.0
973,1.0,-2.45,-0.2618164,0.0176,49.0,55.70652,0.0,58.0,5125.0,4435.0,1.0,26.18164,90.0
974,1.0,-2.45,-0.29379046,0.0181,49.0,55.641304,0.0,65.0,5119.0,4435.0,1.0,29.379047,50.0
975,1.0,-2.45,-0.2499118,0.0041,49.0,16.586956,0.0,10.0,1526.0,4435.0,1.0,24.99118,30.0
976,1.0,-2.45,-0.25781226,0.0068,49.0,50.641304,0.0,18.0,4659.0,4435.0,1.0,25.781225,90.0
977,1.0,-2.45,-0.2511549,0.0034,49.0,24.054348,0.0,7.0,2213.0,4435.0,1.0,25.11549,90.0
978,1.0,-2.45,-0.24955118,0.0027,49.0,18.195652,0.0,4.0,1674.0,4436.0,1.0,24.955118,50.0
979,1.0,-2.45,-0.25873658,0.0099,49.0,53.684784,0.0,27.0,4939.0,4435.0,1.0,25.87366,10.0
980,1.0,-2.45,-0.2873591,0.0127,49.0,54.77174,0.0,35.0,5039.0,4435.0,1.0,28.735909,90.0
981,1.0,-2.45,-0.27832383,0.0138,49.0,54.163044,0.0,38.0,4983.0,4436.0,1.0,27.832382,10.0
982,1.0,-2.45,-0.28841144,0.0153,49.0,54.315216,0.0,42.0,4997.0,4435.0,1.0,28.841145,90.0
983,1.0,-2.45,-0.2929687,0.0178,49.0,55.065216,0.0,72.0,5066.0,4435.0,1.0,29.29687,70.0
984,1.0,-2.45,-0.25882426,0.018,49.0,54.641304,0.0,58.0,5027.0,4437.0,1.0,25.882425,10.0
985,1.0,-2.45,-0.265252,0.0175,49.0,55.032608,0.0,86.0,5063.0,4435.0,1.0,26.5252,50.0
986,1.0,-2.45,-0.257948,0.0176,49.0,54.260868,0.0,93.0,4992.0,4435.0,1.0,25.7948,70.0
987,1.0,-2.45,-0.25751656,0.0177,49.0,55.108696,0.0,73.0,5070.0,4435.0,1.0,25.751656,30.0
988,1.0,-2.45,-0.26089174,0.0163,49.0,54.72826,0.0,46.0,5035.0,4435.0,1.0,26.089172,30.0
989,1.0,-2.45,-0.4454092,0.0174,49.0,54.586956,0.0,48.0,5022.0,4435.0,1.0,44.54092,50.0
990,1.0,-2.45,-0.29289857,0.0145,49.0,54.445652,0.0,40.0,5009.0,4435.0,1.0,29.289856,70.0
991,1.0,-2.45,-0.28081024,0.0178,49.0,54.630436,0.0,55.0,5026.0,4435.0,1.0,28.081024,90.0
992,1.0,-2.45,-0.47766164,0.0178,49.0,55.695652,0.0,85.0,5124.0,4436.0,1.0,47.766163,30.0
993,1.0,-2.45,-0.25693017,0.0178,49.0,53.891304,0.0,74.0,4958.0,4435.0,1.0,25.693018,90.0
994,1.0,-2.45,-0.2595553,0.0178,49.0,53.858696,0.0,112.0,4955.0,4435.0,1.0,25.955532,10.0
995,1.0,-2.45,-0.25624105,0.0099,49.0,52.836956,0.0,27.0,4861.0,4437.0,1.0,25.624105,10.0
996,1.0,-2.45,-0.2566578,0.0177,49.0,54.065216,0.0,77.0,4974.0,4436.0,1.0,25.665781,10.0
997,1.0,-2.45,-0.2567,0.0178,49.0,54.260868,0.0,64.0,4992.0,4436.0,1.0,25.67,10.0
998,1.0,-2.45,-0.46469152,0.0179,49.0,55.695652,0.0,61.0,5124.0,4436.0,1.0,46.46915,50.0
999,1.0,-2.45,-0.301027,0.018,49.0,54.434784,0.0,60.0,5008.0,4436.0,1.0,30.1027,90.0
1000,1.0,-2.45,-0.28742796,0.0181,49.0,55.27174,0.0,78.0,5085.0,4435.0,1.0,28.742796,30.0
1001,1.0,-2.45,-0.25680548,0.0179,49.0,54.75,0.0,77.0,5037.0,4436.0,1.0,25.680548,90.0
1002,1.0,-2.45,-0.25536788,0.0116,49.0,53.032608,0.0,32.0,4879.0,4436.0,1.0,25.536787,50.0
1003,1.0,-2.45,-0.25640395,0.0179,49.0,54.336956,0.0,99.0,4999.0,4436.0,1.0,25.640396,30.0
1004,1.0,-2.45,-0.25568026,0.0178,49.0,54.630436,0.0,115.0,5026.0,4436.0,1.0,25.568026,90.0
1005,1.0,-2.45,-0.28977987,0.013,49.0,52.97826,0.0,36.0,4874.0,4436.0,1.0,28.977987,30.0
1006,1.0,-2.45,-0.2578663,0.0177,49.0,54.576088,0.0,118.0,5021.0,4436.0,1.0,25.78663,90.0
1007,1.0,-2.45,-0.59878564,0.0178,49.0,56.010868,0.0,96.0,5153.0,4436.0,1.0,59.878567,70.0
1008,1.0,-2.45,-0.2967378,0.0162,49.0,54.532608,0.0,45.0,5017.0,4437.0,1.0,29.67378,70.0
1009,1.0,-2.45,-0.2585992,0.0176,49.0,54.369564,0.0,66.0,5002.0,4436.0,1.0,25.859919,10.0
1010,1.0,-2.45,-0.25639027,0.0176,49.0,54.27174,0.0,80.0,4993.0,4436.0,1.0,25.639029,90.0
1011,1.0,-2.45,-0.2543263,0.0058,49.0,43.836956,0.0,15.0,4033.0,4436.0,1.0,25.43263,50.0
1012,1.0,-2.45,-0.2559395,0.0112,49.0,52.847828,0.0,31.0,4862.0,4437.0,1.0,25.59395,30.0
1013,1.0,-2.45,-0.25558463,0.018,49.0,54.141304,0.0,91.0,4981.0,4436.0,1.0,25.558462,70.0
1014,1.0,-2.45,-0.5124953,0.0179,49.0,55.054348,0.0,100.0,5065.0,4437.0,1.0,51.24953,50.0
1015,1.0,-2.45,-0.2832425,0.0177,49.0,55.423912,0.0,109.0,5099.0,4436.0,1.0,28.32425,30.0
1016,1.0,-2.45,-0.6007426,0.0177,49.0,55.586956,0.0,109.0,5114.0,4437.0,1.0,60.07426,10.0
1017,1.0,-2.45,-0.2632959,0.0177,49.0,54.391304,0.0,115.0,5004.0,4437.0,1.0,26.329588,50.0
1018,1.0,-2.45,-0.25779969,0.0179,49.0,54.29348,0.0,101.0,4995.0,4438.0,1.0,25.779968,30.0
1019,1.0,-2.45,-0.25719482,0.0176,49.0,54.380436,0.0,122.0,5003.0,4437.0,1.0,25.71948,90.0
1020,1.0,-2.45,-0.2559074,0.0177,49.0,53.434784,0.0,104.0,4916.0,4437.0,1.0,25.590738,10.0
1021,1.0,-2.45,-0.30230376,0.0178,49.0,53.869564,0.0,148.0,4956.0,4437.0,1.0,30.230375,30.0
1022,1.0,-2.45,-0.5548489,0.0181,49.0,54.184784,0.0,128.0,4985.0,4438.0,1.0,55.48489,10.0
1023,1.0,-2.45,-0.29610398,0.0182,49.0,54.358696,0.0,120.0,5001.0,4437.0,1.0,29.610397,50.0
1024,1.0,-2.45,-0.25951672,0.0177,49.0,54.29348,0.0,131.0,4995.0,4437.0,1.0,25.951672,90.0
1025,1.0,-2.45,-0.2602472,0.0176,49.0,54.673912,0.0,130.0,5030.0,4437.0,1.0,26.02472,70.0
1026,1.0,-2.45,-0.25791168,0.0177,49.0,54.108696,0.0,652.0,4978.0,4438.0,1.0,25.791168,30.0
1027,1.0,-2.45,-0.25648388,0.0176,49.0,53.97826,0.0,1181.0,4966.0,4438.0,1.0,25.648388,30.0
1028,1.0,-2.45,-0.2770854,0.018,49.0,54.70652,0.0,859.0,5033.0,4438.0,1.0,27.708538,10.0
1029,1.0,-2.45,-0.48675445,0.0179,49.0,54.923912,0.0,1003.0,5053.0,4438.0,1.0,48.675446,50.0
1030,1.0,-2.45,-0.28026876,0.018,49.0,54.52174,0.0,861.0,5016.0,4438.0,1.0,28.026875,10.0
1031,1.0,-2.45,-0.26174,0.018,49.0,53.913044,0.0,759.0,4960.0,4438.0,1.0,26.174,10.0
1032,1.0,-2.45,-0.26082593,0.0176,49.0,53.967392,0.0,985.0,4965.0,4438.0,1.0,26.082594,70.0
1033,1.0,-2.45,-0.25804365,0.0178,49.0,54.010868,0.0,411.0,4969.0,4440.0,1.0,25.804363,30.0
1034,1.0,-2.45,-0.25758538,0.0176,49.0,54.04348,0.0,160.0,4972.0,4438.0,1.0,25.758537,70.0
1035,1.0,-2.45,-0.25781506,0.0177,49.0,54.358696,0.0,70.0,5001.0,4438.0,1.0,25.781506,90.0
1036,1.0,-2.45,-0.28381976,0.0178,49.0,54.445652,0.0,252.0,5009.0,4438.0,1.0,28.381975,10.0
1037,1.0,-2.45,-0.52186,0.0179,49.0,55.217392,0.0,91.0,5080.0,4438.0,1.0,52.186,90.0
1038,1.0,-2.45,-0.267248,0.0055,49.0,37.565216,0.0,14.0,3456.0,4438.0,1.0,26.7248,50.0
1039,1.0,-2.45,-0.3608795,0.0062,49.0,50.891304,0.0,16.0,4682.0,4438.0,1.0,36.08795,10.0
1040,1.0,-2.45,-0.289202,0.0179,49.0,55.304348,0.0,86.0,5088.0,4438.0,1.0,28.9202,30.0
1041,1.0,-2.45,-0.2649144,0.0179,49.0,53.695652,0.0,120.0,4940.0,4439.0,1.0,26.491438,70.0
1042,1.0,-2.45,-0.25693357,0.0079,49.0,50.619564,0.0,21.0,4657.0,4438.0,1.0,25.693356,90.0
1043,1.0,-2.45,-0.25796357,0.0179,49.0,54.326088,0.0,56.0,4998.0,4439.0,1.0,25.796356,10.0
1044,1.0,-2.45,-0.25723264,0.0178,49.0,53.858696,0.0,66.0,4955.0,4438.0,1.0,25.723265,50.0
1045,1.0,-2.45,-0.25802842,0.0177,49.0,54.597828,0.0,63.0,5023.0,4438.0,1.0,25.802841,70.0
1046,1.0,-2.45,-0.28412414,0.018,49.0,54.652172,0.0,106.0,5028.0,4438.0,1.0,28.412413,30.0
1047,1.0,-2.45,-0.283997,0.0142,49.0,53.826088,0.0,39.0,4952.0,4438.0,1.0,28.3997,90.0
1048,1.0,-2.45,-0.26510173,0.0181,49.0,55.054348,0.0,101.0,5065.0,4439.0,1.0,26.510172,10.0
1049,1.0,-2.45,-0.30429912,0.0181,49.0,55.445652,0.0,109.0,5101.0,4438.0,1.0,30.429913,50.0
1050,1.0,-2.45,-0.257199,0.0062,49.0,48.217392,0.0,16.0,4436.0,4438.0,1.0,25.7199,30.0
1051,1.0,-2.45,-0.2649103,0.0091,49.0,53.27174,0.0,24.0,4901.0,4438.0,1.0,26.491032,30.0
1052,1.0,-2.45,-0.260153,0.0128,49.0,54.902172,0.0,35.0,5051.0,4438.0,1.0,26.0153,70.0
1053,1.0,-2.45,-0.2529544,0.0047,49.0,29.75,0.0,12.0,2737.0,4438.0,1.0,25.29544,30.0
1054,1.0,-2.45,-0.2576525,0.0115,49.0,55.010868,0.0,31.0,5061.0,4438.0,1.0,25.76525,10.0
1055,1.0,-2.45,-0.34295937,0.0058,49.0,26.413044,0.0,15.0,2430.0,4438.0,1.0,34.295937,10.0
1056,1.0,-2.45,-0.47566268,0.0178,49.0,55.369564,0.0,67.0,5094.0,4438.0,1.0,47.56627,90.0
1057,1.0,-2.45,-0.28937998,0.018,49.0,55.130436,0.0,123.0,5072.0,4438.0,1.0,28.938,30.0
1058,1.0,-2.45,-0.25636473,0.0178,49.0,54.902172,0.0,74.0,5051.0,4438.0,1.0,25.636475,90.0
1059,1.0,-2.45,-0.25628012,0.0179,49.0,55.260868,0.0,109.0,5084.0,4438.0,1.0,25.628012,90.0
1060,1.0,-2.45,-0.25714433,0.0181,49.0,54.858696,0.0,65.0,5047.0,4438.0,1.0,25.714434,50.0
1061,1.0,-2.45,-0.25747758,0.0179,49.0,55.641304,0.0,121.0,5119.0,4439.0,1.0,25.747757,30.0
1062,1.0,-2.45,-0.30198613,0.0182,49.0,55.52174,0.0,99.0,5108.0,4439.0,1.0,30.198612,50.0
1063,1.0,-2.45,-0.25898254,0.0178,49.0,55.902172,0.0,84.0,5143.0,4438.0,1.0,25.898252,10.0
1064,1.0,-2.45,-0.4412847,0.0177,49.0,56.423912,0.0,83.0,5191.0,4439.0,1.0,44.128468,50.0
1065,1.0,-2.45,-0.2848672,0.018,49.0,55.467392,0.0,67.0,5103.0,4438.0,1.0,28.48672,30.0
1066,1.0,-2.45,-0.516931,0.0157,49.0,56.434784,0.0,44.0,5192.0,4438.0,1.0,51.6931,50.0
1067,1.0,-2.45,-0.25914687,0.0148,49.0,54.673912,0.0,41.0,5030.0,4438.0,1.0,25.914688,10.0
1068,1.0,-2.45,-0.25805414,0.0102,49.0,54.054348,0.0,28.0,4973.0,4438.0,1.0,25.805412,90.0
1069,1.0,-2.45,-0.25680313,0.0177,49.0,54.739132,0.0,121.0,5036.0,4438.0,1.0,25.680313,90.0
1070,1.0,-2.45,-0.2567047,0.0177,49.0,54.282608,0.0,119.0,4994.0,4438.0,1.0,25.67047,50.0
1071,1.0,-2.45,-0.26296318,0.0113,49.0,53.402172,0.0,31.0,4913.0,4439.0,1.0,26.296316,30.0
1072,1.0,-2.45,-0.467019,0.0181,49.0,56.0,0.0,130.0,5152.0,4439.0,1.0,46.7019,70.0
1073,1.0,-2.45,-0.28798115,0.0179,49.0,55.576088,0.0,111.0,5113.0,4439.0,1.0,28.798115,10.0
1074,1.0,-2.45,-0.26125306,0.0179,49.0,55.423912,0.0,64.0,5099.0,4438.0,1.0,26.125307,30.0
1075,1.0,-2.45,-0.34944874,0.018,49.0,56.413044,0.0,90.0,5190.0,4438.0,1.0,34.944874,30.0
1076,1.0,-2.45,-0.25666657,0.0144,49.0,54.836956,0.0,40.0,5045.0,4438.0,1.0,25.666656,50.0
1077,1.0,-2.45,-0.25685,0.0179,49.0,54.95652,0.0,103.0,5056.0,4439.0,1.0,25.685,50.0
1078,1.0,-2.45,-0.25704598,0.0177,49.0,55.130436,0.0,52.0,5072.0,4438.0,1.0,25.7046,30.0
1079,1.0,-2.45,-0.26348627,0.0176,49.0,55.913044,0.0,87.0,5144.0,4438.0,1.0,26.348625,90.0
1080,1.0,-2.45,-0.28533047,0.018,49.0,56.79348,0.0,107.0,5225.0,4439.0,1.0,28.533047,30.0
1081,-249.0,-2.45,-0.28533047,0.0,1.0,0.0,0.0,0.0,0.0,0.0,0.0,0.0,50.0
1082,-0.03000002,-0.5,-0.06407372,0.0206,10.0,309.3125,0.0,37.0,4949.0,730.0,1.0,6.407372,70.0
1083,1.0,-1.65,-0.16819988,0.0028,33.0,18.469696,0.0,4.0,1219.0,2931.0,1.0,16.819988,50.0
1084,1.0,-2.55,-0.2753503,0.0143,51.0,68.91111,0.0,39.0,6202.0,3987.0,1.0,27.53503,30.0
1085,1.0,-2.55,-0.269707,0.0181,51.0,58.130436,0.0,128.0,5348.0,4283.0,1.0,26.9707,70.0
1086,1.0,-2.55,-0.26916713,0.0181,51.0,58.663044,0.0,61.0,5397.0,4338.0,1.0,26.916712,30.0
1087,1.0,-2.55,-0.3991755,0.0062,51.0,51.913044,0.0,16.0,4776.0,4427.0,1.0,39.91755,90.0
1088,1.0,-2.55,-0.5609269,0.0047,51.0,42.597828,0.0,12.0,3919.0,4427.0,1.0,56.092693,50.0
1089,1.0,-2.55,-0.6485824,0.0078,51.0,54.913044,0.0,21.0,5052.0,4428.0,1.0,64.85824,50.0
1090,1.0,-2.55,-0.27066562,0.0083,51.0,54.489132,0.0,22.0,5013.0,4429.0,1.0,27.066563,70.0
1091,1.0,-2.55,-0.6243699,0.0182,51.0,57.586956,0.0,118.0,5298.0,4428.0,1.0,62.436993,90.0
1092,1.0,-2.55,-0.26545894,0.018,51.0,55.119564,0.0,59.0,5071.0,4427.0,1.0,26.545895,70.0
1093,1.0,-2.55,-0.27000463,0.0178,51.0,56.72826,0.0,56.0,5219.0,4428.0,1.0,27.000462,50.0
1094,1.0,-2.55,-0.26697674,0.0177,51.0,57.858696,0.0,104.0,5323.0,4428.0,1.0,26.697676,70.0
1095,1.0,-2.55,-0.26394477,0.0061,51.0,42.619564,0.0,16.0,3921.0,4429.0,1.0,26.394478,10.0
1096,1.0,-2.55,-0.2637899,0.0044,51.0,40.22826,0.0,11.0,3701.0,4428.0,1.0,26.378988,10.0
1097,1.0,-2.55,-0.26711625,0.0181,51.0,58.532608,0.0,75.0,5385.0,4427.0,1.0,26.711624,90.0
1098,1.0,-2.55,-0.2725305,0.0178,51.0,58.630436,0.0,118.0,5394.0,4427.0,1.0,27.25305,50.0
1099,1.0,-2.55,-0.392445,0.0179,51.0,58.586956,0.0,116.0,5390.0,4427.0,1.0,39.2445,90.0
1100,1.0,-2.55,-0.2675,0.0076,51.0,54.347828,0.0,20.0,5000.0,4427.0,1.0,26.75,70.0
1101,1.0,-2.55,-0.61942726,0.018,51.0,58.467392,0.0,110.0,5379.0,4429.0,1.0,61.942726,30.0
1102,1.0,-2.55,-0.27389184,0.0181,51.0,56.163044,0.0,123.0,5167.0,4427.0,1.0,27.389185,50.0
1103,1.0,-2.55,-0.27365327,0.0096,51.0,54.52174,0.0,26.0,5016.0,4428.0,1.0,27.365326,10.0
1104,1.0,-2.55,-0.27496874,0.0178,51.0,55.565216,0.0,115.0,5112.0,4427.0,1.0,27.496876,30.0
1105,1.0,-2.55,-0.26479343,0.0058,51.0,46.032608,0.0,15.0,4235.0,4428.0,1.0,26.479343,30.0
